0,0,4,706,0.097176625,0.085,215.4
0,0,0,444,0.023637557,0.03,209.7
0,0,5,618,0.119500985,0.148333333,216.2
0,0,0,464,0.120814183,0.101666667,206.8
0,0,1,438,0.051214708,0.041666667,207.9
0,0,1,530,0.077478661,0.066666667,210.6
0,0,2,471,0.026920552,0.038333333,215.5
0,0,2,381,0.020354563,0.03,214.7
0,0,1,410,0.023637557,0.028333333,208.8
0,0,1,406,0.057124097,0.066666667,217.7
0,0,1,458,0.024294156,0.03,202.8
0,0,1,667,0.166119501,0.163333333,220.5
0,0,2,431,0.020354563,0.031666667,210
100,0,2,538,0.179908076,0.12,206.9
100,100,2,499,0.059093894,0.07,201.6
0,100,1,480,0.041365726,0.04,214.6
100,100,5,530,0.071569271,0.076666667,222.6
0,100,1,478,0.040052528,0.031666667,212.2
0,0,0,432,0.030203546,0.038333333,207.2
0,100,1,440,0.059750492,0.056666667,211.8
100,100,1,455,0.114248194,0.091666667,211.6
100,0,0,592,0.149047932,0.133333333,212.2
0,0,5,563,0.082731451,0.106666667,225.2
0,100,2,632,0.051871307,0.048333333,203.8
100,0,3,491,0.074852265,0.076666667,214.3
100,50,2,486,0.142481944,0.085,208.5
0,50,1,452,0.02757715,0.028333333,213.1
0,100,2,463,0.057780696,0.068333333,214.4
100,50,0,425,0.028233749,0.031666667,215.6
0,50,1,444,0.023637557,0.028333333,208.4
100,50,1,478,0.03348654,0.033333333,213.1
50,0,4,577,0.084701248,0.108333333,217.4
50,100,1,512,0.150361129,0.131666667,206.1
50,50,1,400,0.021667761,0.028333333,210.3
50,0,2,428,0.021667761,0.028333333,205.9
50,100,1,593,0.188443861,0.163333333,216
0,50,1,529,0.054497702,0.065,214.7
50,50,2,452,0.026920552,0.038333333,221.7
100,33.33,1,554,0.139198949,0.08,209.5
100,66.67,2,449,0.02232436,0.033333333,202.3
100,0,1,475,0.038082731,0.036666667,212.9
0,0,0,395,0.02757715,0.05,213.2
100,66.67,4,576,0.082074852,0.093333333,223.3
0,33.33,2,383,0.019697965,0.028333333,218.2
0,66.67,1,410,0.023637557,0.028333333,208.8
66.67,66.67,4,582,0.087984242,0.111666667,219.1
66.67,0,3,472,0.024294156,0.038333333,218.3
0,66.67,1,386,0.021011162,0.04,218
25,75,0,494,0.030860144,0.026666667,210.4
50,33.33,2,722,0.065003283,0.075,216.9
100,25,1,580,0.151674327,0.14,211.5
0,50,2,410,0.02232436,0.028333333,211
0,50,0,454,0.037426133,0.035,206.4
100,100,2,479,0.072882469,0.063333333,216.9
25,40,1,451,0.029546947,0.04,202.3
33.33,33.33,0,406,0.024294156,0.026666667,219.5
75,100,4,537,0.116217991,0.105,214.9
75,0,2,431,0.020354563,0.031666667,210
50,75,2,503,0.117531188,0.101666667,215.1
40,75,1,475,0.029546947,0.028333333,214.8
75,60,2,463,0.037426133,0.036666667,208.3
0,20,1,422,0.022980959,0.028333333,215.6
0,40,0,456,0.045305318,0.041666667,207.9
80,60,1,480,0.055154301,0.066666667,206.8
80,40,4,730,0.213394616,0.215,221.6
25,80,1,426,0.059093894,0.055,217.4
100,0,3,464,0.066973079,0.076666667,220.7
40,25,0,433,0.02757715,0.038333333,210
60,40,2,486,0.142481944,0.085,208.5
60,60,2,505,0.035456336,0.06,215.8
60,33.33,2,419,0.021011162,0.03,205.4
80,83.33,2,516,0.072882469,0.076666667,211.7
40,50,2,647,0.047931714,0.045,208.6
50,50,1,429,0.02757715,0.033333333,204.9
28.57,80,3,490,0.026263953,0.04,210.6
0,66.67,1,412,0.03873933,0.038333333,208.8
60,40,1,459,0.071569271,0.066666667,214
50,33.33,0,589,0.153644123,0.136666667,212
50,20,2,518,0.034799737,0.055,219
50,80,2,407,0.032829941,0.033333333,213.8
40,83.33,1,475,0.150361129,0.118333333,211.3
83.33,66.67,1,478,0.038082731,0.035,212.8
0,66.67,5,563,0.082731451,0.106666667,225.2
66.67,100,4,489,0.067629678,0.07,214.3
20,33.33,0,477,0.030203546,0.026666667,216.1
50,42.86,1,408,0.024294156,0.028333333,209.3
28.57,57.14,0,441,0.028233749,0.033333333,209.5
16.67,57.14,0,604,0.170715693,0.145,210.4
0,37.5,2,444,0.02232436,0.028333333,210.6
42.86,33.33,1,699,0.058437295,0.046666667,211.1
50,16.67,2,479,0.068942876,0.066666667,210.6
62.5,83.33,2,423,0.019041366,0.026666667,212.3
16.67,42.86,0,415,0.029546947,0.038333333,212.9
42.86,0,1,389,0.031516743,0.043333333,215.4
71.43,57.14,2,490,0.131319764,0.085,206.3
57.14,71.43,2,555,0.07222587,0.096666667,215.1
85.71,62.5,1,480,0.041365726,0.04,214.6
28.57,71.43,4,592,0.101772817,0.116666667,215.8
0,57.14,2,383,0.019697965,0.028333333,218.2
50,33.33,1,534,0.223900197,0.143333333,206.3
50,44.44,1,611,0.152987525,0.136666667,207
50,0,1,389,0.031516743,0.043333333,215.4
71.43,85.71,3,452,0.025607354,0.04,219.9
37.5,55.56,1,432,0.025607354,0.036666667,207.5
42.86,42.86,2,683,0.099146422,0.086666667,208.5
87.5,75,2,479,0.072882469,0.063333333,216.9
62.5,50,1,480,0.059750492,0.068333333,206.5
55.56,40,1,463,0.02757715,0.033333333,204.5
11.11,55.56,1,575,0.151674327,0.135,219.8
37.5,75,3,676,0.054497702,0.058333333,216.2
88.89,28.57,1,461,0.037426133,0.035,218.5
28.57,60,1,474,0.1109652,0.088333333,207.5
50,50,2,385,0.021011162,0.03,205.8
37.5,33.33,0,491,0.030860144,0.028333333,210.5
33.33,66.67,1,433,0.065003283,0.066666667,211.3
60,25,0,575,0.152987525,0.135,217.6
77.78,30,4,577,0.084701248,0.108333333,217.4
33.33,60,0,425,0.028233749,0.031666667,215.6
40,40,1,416,0.039395929,0.043333333,209
25,33.33,1,659,0.069599475,0.056666667,206.8
25,70,1,512,0.150361129,0.131666667,206.1
63.64,44.44,2,427,0.019697965,0.026666667,203.4
90,44.44,1,530,0.043992121,0.035,215.6
88.89,77.78,5,530,0.071569271,0.076666667,222.6
77.78,22.22,1,462,0.113591596,0.095,206.8
33.33,66.67,1,406,0.022980959,0.028333333,217.7
60,63.64,1,504,0.136572554,0.085,208.5
54.55,40,0,644,0.159553513,0.135,214.7
10,22.22,1,406,0.019697965,0.038333333,216.4
18.18,36.36,1,415,0.028233749,0.038333333,215.1
50,22.22,1,490,0.08864084,0.076666667,206.3
60,54.55,2,518,0.07222587,0.083333333,220.3
80,70,6,609,0.086671044,0.118333333,225.2
30,27.27,0,420,0.024950755,0.028333333,213.9
90.91,50,2,463,0.037426133,0.036666667,208.3
36.36,72.73,2,499,0.059093894,0.07,201.6
45.45,20,2,648,0.04990151,0.046666667,211.1
54.55,58.33,1,519,0.040709127,0.06,218
30,18.18,0,388,0.021667761,0.038333333,219.3
63.64,58.33,2,502,0.128693368,0.078333333,207
81.82,70,2,411,0.021667761,0.033333333,211.6
81.82,50,3,501,0.069599475,0.065,214.7
16.67,53.85,1,427,0.026263953,0.031666667,217.3
54.55,81.82,5,616,0.131319764,0.146666667,217.5
20,54.55,1,439,0.041365726,0.038333333,201.6
36.36,63.64,2,452,0.026920552,0.038333333,221.7
58.33,75,1,630,0.188443861,0.176666667,210.8
83.33,33.33,2,497,0.037426133,0.036666667,207.9
58.33,53.85,2,517,0.032829941,0.053333333,216.5
23.08,72.73,2,406,0.021667761,0.028333333,219.9
27.27,27.27,1,475,0.112934997,0.09,210
18.18,41.67,0,444,0.047275115,0.048333333,205.7
50,46.15,1,478,0.071569271,0.066666667,207.8
16.67,30.77,0,402,0.02232436,0.04,213.7
36.36,58.33,1,410,0.023637557,0.028333333,208.8
83.33,45.45,5,538,0.081418253,0.108333333,220
75,41.67,2,635,0.050558109,0.051666667,207.9
33.33,50,0,496,0.034143139,0.031666667,212.2
46.15,61.54,1,427,0.068942876,0.06,213.5
33.33,50,1,423,0.020354563,0.025,214.1
61.54,53.85,1,652,0.261982928,0.188333333,211
33.33,23.08,0,437,0.112934997,0.101666667,213.2
28.57,25,1,440,0.02232436,0.028333333,210.5
84.62,50,4,564,0.093893631,0.111666667,219.1
41.67,46.15,1,390,0.026920552,0.04,209.9
53.85,33.33,1,461,0.070912672,0.066666667,213.5
85.71,61.54,3,507,0.040052528,0.046666667,220.7
46.15,53.33,1,649,0.0558109,0.051666667,210.1
69.23,28.57,2,413,0.021011162,0.031666667,215.1
64.29,38.46,1,483,0.13328956,0.08,212.9
50,57.14,1,593,0.188443861,0.163333333,216
28.57,64.29,1,390,0.021667761,0.04,209.1
78.57,61.54,2,461,0.058437295,0.07,210.9
42.86,26.67,0,429,0.030203546,0.04,207.3
83.33,50,3,503,0.072882469,0.07,216.5
64.29,46.67,2,414,0.032173342,0.036666667,209
30.77,40,0,474,0.115561392,0.09,207.2
64.29,57.14,3,546,0.039395929,0.066666667,224.1
42.86,46.67,1,423,0.020354563,0.025,214.1
33.33,30.77,1,408,0.02232436,0.026666667,221.2
85.71,53.33,4,730,0.213394616,0.215,221.6
35.71,53.33,2,462,0.059093894,0.056666667,206.8
60,80,2,516,0.106369009,0.108333333,206.7
40,30.77,1,433,0.02757715,0.038333333,210
84.62,14.29,3,513,0.086671044,0.075,213.2
50,57.14,2,628,0.051214708,0.048333333,212.7
87.5,43.75,1,478,0.038082731,0.035,212.8
66.67,50,2,430,0.018384767,0.03,207.5
46.15,60,3,429,0.023637557,0.04,218.2
28.57,66.67,1,459,0.114904793,0.091666667,202.7
28.57,43.75,1,478,0.040052528,0.031666667,212.2
40,50,1,424,0.059750492,0.055,217.9
28.57,31.25,0,422,0.024294156,0.028333333,213.4
37.5,47.06,1,427,0.026263953,0.031666667,217.3
86.67,50,4,730,0.213394616,0.215,221.6
60,40,2,536,0.036769534,0.056666667,211.3
81.25,35.71,2,481,0.057124097,0.068333333,209.3
53.33,53.33,2,628,0.051214708,0.048333333,212.7
33.33,62.5,1,459,0.114904793,0.091666667,202.7
87.5,33.33,4,563,0.084044649,0.106666667,223
85.71,25,3,464,0.066973079,0.076666667,220.7
26.67,37.5,1,513,0.030203546,0.028333333,205.5
42.86,37.5,1,390,0.026920552,0.04,209.9
82.35,47.06,2,462,0.047275115,0.04,214.6
62.5,50,1,519,0.040709127,0.06,218
62.5,47.06,1,580,0.151674327,0.14,211.5
41.18,33.33,2,462,0.021667761,0.028333333,205.5
23.53,62.5,2,434,0.024294156,0.05,221.5
50,55.56,2,648,0.087327643,0.075,212.4
56.25,31.25,1,510,0.162179908,0.13,207.4
64.71,56.25,2,408,0.022980959,0.03,207.5
31.25,52.94,1,425,0.019697965,0.025,213.6
58.82,88.24,5,568,0.082731451,0.111666667,216.9
44.44,58.82,1,423,0.023637557,0.028333333,212
86.67,46.67,4,459,0.066316481,0.066666667,217.4
33.33,50,1,575,0.151674327,0.135,219.8
35.29,82.35,1,470,0.065003283,0.08,206.1
64.71,55.56,2,517,0.032829941,0.053333333,216.5
58.82,47.37,1,478,0.071569271,0.066666667,207.8
64.71,61.11,3,456,0.026263953,0.04,211
62.5,47.37,1,652,0.261982928,0.188333333,211
57.89,37.5,2,444,0.057124097,0.055,214.5
29.41,47.06,1,630,0.051871307,0.046666667,214
18.75,77.78,1,492,0.076822062,0.078333333,205
41.18,29.41,0,455,0.115561392,0.09,213.4
55.56,27.78,1,427,0.022980959,0.033333333,207.3
50,47.37,1,428,0.037426133,0.036666667,211.2
50,29.41,1,452,0.02757715,0.028333333,213.1
38.89,57.89,1,417,0.029546947,0.04,202.7
81.25,73.68,4,537,0.082731451,0.073333333,219.9
33.33,57.89,1,474,0.1109652,0.088333333,207.5
88.89,61.11,5,655,0.097176625,0.135,225.9
36.84,22.22,0,395,0.02757715,0.05,213.2
55.56,38.89,2,497,0.070912672,0.068333333,202.9
50,66.67,2,621,0.15561392,0.146666667,219.8
27.78,50,1,630,0.051871307,0.046666667,214
76.47,58.82,4,561,0.17793828,0.118333333,213.8
52.63,50,1,430,0.022980959,0.031666667,207.2
78.95,35.29,2,481,0.057124097,0.068333333,209.3
38.89,63.16,1,498,0.037426133,0.055,222.4
52.94,27.78,1,452,0.02757715,0.028333333,213.1
50,68.42,2,459,0.024950755,0.043333333,215.1
57.89,21.05,1,441,0.068942876,0.078333333,213.8
61.11,16.67,1,514,0.150361129,0.09,205.2
36.84,50,0,476,0.118844386,0.095,209
40,52.38,0,432,0.030203546,0.038333333,207.2
35,60,2,426,0.057780696,0.055,219.6
52.63,36.84,2,666,0.051871307,0.048333333,203.4
76.19,47.37,2,462,0.047275115,0.04,214.6
72.22,70,5,530,0.071569271,0.076666667,222.6
26.32,33.33,1,495,0.028233749,0.026666667,213.2
47.62,61.9,2,431,0.057780696,0.06,211.3
55.56,80,2,438,0.056467498,0.07,209.2
60,65,2,553,0.084044649,0.095,216.4
21.05,55,1,435,0.040709127,0.038333333,210.5
45.45,57.14,1,592,0.149047932,0.133333333,212.2
35,55,1,679,0.143138542,0.11,207.9
55,50,1,502,0.13328956,0.08,206.7
19.05,63.64,1,390,0.021667761,0.04,209.1
30,80.95,1,463,0.059093894,0.068333333,212.2
30,59.09,1,439,0.020354563,0.026666667,208
52.17,57.14,1,423,0.023637557,0.028333333,212
57.14,45.45,0,468,0.076822062,0.078333333,207.4
45.45,33.33,1,462,0.113591596,0.095,206.8
52.63,54.55,1,402,0.024950755,0.033333333,212.1
66.67,43.48,1,667,0.166119501,0.163333333,220.5
73.68,57.14,4,706,0.097176625,0.085,215.4
20,35,1,473,0.041365726,0.038333333,201.2
47.62,28.57,1,423,0.034143139,0.033333333,209.5
85.71,72.73,5,616,0.097833224,0.115,222.5
28.57,66.67,2,454,0.026263953,0.038333333,221.2
36.36,35,1,424,0.02232436,0.026666667,216.6
52.17,65.22,1,429,0.02757715,0.033333333,204.9
31.82,18.18,1,388,0.020354563,0.038333333,221.5
86.36,60.87,5,580,0.080105056,0.105,217.6
52.38,81.82,2,540,0.168089297,0.121666667,205.6
75,31.82,3,533,0.160210112,0.128333333,214.3
59.09,68.18,2,507,0.073539068,0.078333333,215.7
47.83,55,2,388,0.019697965,0.033333333,209.9
68.18,63.64,2,518,0.07222587,0.083333333,220.3
27.27,50,0,425,0.024294156,0.026666667,213.3
19.05,50,1,438,0.051214708,0.041666667,207.9
41.67,27.27,0,589,0.153644123,0.136666667,212
54.55,38.1,2,666,0.051871307,0.048333333,203.4
52.38,38.1,2,401,0.019041366,0.028333333,213.1
34.78,41.67,0,413,0.030203546,0.038333333,213.4
76.19,60.87,4,482,0.068286277,0.066666667,219.1
54.55,30.43,1,534,0.223900197,0.143333333,206.3
22.73,69.57,1,529,0.054497702,0.065,214.7
28.57,78.26,1,532,0.065659882,0.068333333,209.3
36.36,58.33,2,461,0.019697965,0.026666667,203
21.74,52,0,405,0.02232436,0.038333333,213.6
56.52,60.87,1,479,0.106369009,0.095,211.9
83.33,26.09,4,563,0.084044649,0.106666667,223
29.17,30.43,1,422,0.022980959,0.028333333,215.6
40,56.52,1,797,0.181221274,0.155,212.6
50,58.33,2,407,0.032829941,0.033333333,213.8
50,69.57,3,429,0.023637557,0.04,218.2
29.17,40.91,1,475,0.112934997,0.09,210
70.83,27.27,1,569,0.043335522,0.055,219
21.74,37.5,0,435,0.042022324,0.036666667,212.3
70.83,48,1,480,0.041365726,0.04,214.6
38.46,34.78,1,611,0.152987525,0.136666667,207
50,40,1,420,0.028233749,0.043333333,206.8
56.52,25,1,485,0.132632961,0.08,212.4
32,84,5,563,0.082731451,0.106666667,225.2
58.33,29.17,1,644,0.052527905,0.048333333,208.4
46.15,62.5,1,445,0.063033487,0.06,213.5
39.13,56,2,424,0.021011162,0.028333333,214.8
72,42.31,1,468,0.043335522,0.046666667,212.4
32,52,1,458,0.124753775,0.095,209
72,37.5,2,536,0.036769534,0.056666667,211.3
25,50,0,454,0.042022324,0.036666667,206.1
54.17,79.17,1,516,0.106369009,0.108333333,206.7
54.17,47.83,2,460,0.130006566,0.081666667,209.4
30.77,50,2,409,0.032173342,0.031666667,217.3
36,48.15,0,425,0.028233749,0.031666667,215.6
32,80,1,477,0.059750492,0.07,206.6
84.62,56,4,785,0.112278398,0.126666667,218
41.67,51.85,1,443,0.02232436,0.026666667,210.4
29.17,40.74,0,484,0.036112935,0.038333333,210
48,72,3,459,0.024950755,0.043333333,215.1
52,50,2,460,0.130006566,0.081666667,209.4
33.33,73.08,2,500,0.035456336,0.055,224.1
73.08,34.62,1,510,0.128693368,0.098333333,212.4
24,61.54,1,454,0.037426133,0.035,206.4
30.77,57.69,1,440,0.059750492,0.056666667,211.8
48.15,50,1,426,0.034143139,0.031666667,209.4
50,51.85,2,411,0.021667761,0.033333333,211.6
75,37.93,3,651,0.198292843,0.173333333,219
74.07,28,1,500,0.036769534,0.055,221.9
38.46,53.85,1,628,0.052527905,0.046666667,214.5
85.19,46.43,4,582,0.087984242,0.111666667,219.1
74.07,44,2,479,0.035456336,0.035,215.6
62.96,64.29,2,427,0.019697965,0.026666667,203.4
42.86,69.23,2,461,0.032173342,0.05,215.1
23.08,38.46,1,473,0.041365726,0.038333333,201.2
32.14,80.77,2,463,0.057780696,0.068333333,214.4
50,46.15,2,427,0.031516743,0.031666667,212.2
50,48.28,1,502,0.13328956,0.08,206.7
48.15,59.26,2,431,0.057780696,0.06,211.3
26.92,29.63,0,422,0.024294156,0.028333333,213.4
25.93,40.74,0,435,0.042022324,0.036666667,212.3
31.03,25.93,1,388,0.020354563,0.038333333,221.5
36.67,53.57,1,573,0.152330926,0.136666667,216.3
26.92,70.37,2,523,0.032829941,0.038333333,218.3
51.85,51.72,2,631,0.061720289,0.051666667,210.1
32.14,41.38,0,464,0.120814183,0.101666667,206.8
76,52,4,459,0.066316481,0.066666667,217.4
55.56,62.07,2,463,0.070912672,0.068333333,203.3
75,81.48,2,555,0.07222587,0.096666667,215.1
42.86,71.43,1,459,0.038082731,0.035,219
76.92,50,4,459,0.066316481,0.066666667,217.4
50,29.63,1,413,0.02232436,0.031666667,212.9
60,46.67,1,427,0.024294156,0.028333333,203.1
51.85,44.44,2,503,0.130663165,0.08,209.5
33.33,57.14,2,426,0.057780696,0.055,219.6
39.29,62.07,2,461,0.019697965,0.026666667,203
72.41,28.57,1,514,0.037426133,0.056666667,216.3
25,43.33,0,456,0.045305318,0.041666667,207.9
86.21,25.93,3,632,0.090610637,0.106666667,220.1
35.48,31.03,0,624,0.24425476,0.198333333,211.5
57.14,50,2,462,0.080761655,0.071666667,209.6
72.41,82.14,2,516,0.072882469,0.076666667,211.7
50,55.17,2,483,0.131976362,0.081666667,211.1
34.38,41.94,0,582,0.158896914,0.146666667,211.5
86.67,45.16,4,580,0.084701248,0.106666667,217.3
48.15,46.43,2,401,0.019041366,0.028333333,213.1
32.26,33.33,1,457,0.113591596,0.09,215.1
32.14,41.38,1,444,0.023637557,0.028333333,208.4
48.28,41.38,1,411,0.022980959,0.031666667,213.4
71.43,60,3,471,0.02232436,0.036666667,215.8
27.59,73.33,1,490,0.055154301,0.045,211.3
56.67,55.17,2,683,0.099146422,0.086666667,208.5
78.57,87.1,7,639,0.129349967,0.145,224.4
48.28,80,2,540,0.168089297,0.121666667,205.6
70.97,33.33,1,628,0.1667761,0.143333333,217.1
50,44.83,2,401,0.019041366,0.028333333,213.1
43.75,62.5,1,417,0.029546947,0.04,202.7
79.31,43.75,3,501,0.069599475,0.065,214.7
46.67,48.39,2,486,0.142481944,0.085,208.5
34.38,30,1,437,0.040052528,0.036666667,214
70.97,30,1,514,0.037426133,0.056666667,216.3
50,30,1,413,0.02232436,0.031666667,212.9
40.62,72.41,2,473,0.030203546,0.043333333,217.3
40,68.75,1,459,0.038082731,0.035,219
24.14,43.33,1,424,0.021667761,0.04,208.7
58.06,60.61,2,463,0.070912672,0.068333333,203.3
32.26,61.29,1,475,0.150361129,0.118333333,211.3
29.03,71.88,1,529,0.054497702,0.065,214.7
45.45,54.84,1,413,0.028890348,0.04,211.6
48.39,53.33,2,635,0.050558109,0.051666667,207.9
48.28,45.45,1,400,0.021667761,0.028333333,210.3
48.39,26.67,1,554,0.139198949,0.08,209.5
36.36,66.67,2,461,0.036112935,0.035,220.7
41.94,32.26,0,406,0.024294156,0.026666667,219.5
39.39,45.16,1,463,0.02757715,0.033333333,204.5
84.38,73.33,6,609,0.086671044,0.118333333,225.2
31.25,56.25,1,455,0.114248194,0.091666667,211.6
62.5,58.82,2,428,0.059093894,0.056666667,207.2
59.38,76.67,4,537,0.116217991,0.105,214.9
23.33,59.38,1,405,0.017728168,0.036666667,213.9
28.12,70.97,2,468,0.026920552,0.04,215.6
50,45.45,2,486,0.142481944,0.085,208.5
25.81,48.39,1,495,0.028233749,0.026666667,213.2
57.58,30.3,1,510,0.162179908,0.13,207.4
38.24,51.61,2,630,0.050558109,0.046666667,216.2
50,31.25,1,383,0.021011162,0.028333333,216
41.18,81.25,1,482,0.063033487,0.073333333,208.3
43.75,22.58,0,386,0.02232436,0.038333333,219.8
43.75,60,2,446,0.023637557,0.03,198.2
48.48,48.39,2,460,0.130006566,0.081666667,209.4
73.53,50,2,722,0.065003283,0.075,216.9
77.42,57.58,4,482,0.068286277,0.066666667,219.1
30.3,60.61,1,439,0.020354563,0.026666667,208
51.52,81.82,2,468,0.057780696,0.073333333,206.1
44.12,47.06,1,416,0.039395929,0.043333333,209
33.33,68.75,2,621,0.15561392,0.146666667,219.8
50,61.76,2,401,0.056467498,0.056666667,214.4
78.12,40,4,484,0.067629678,0.065,222.6
25,61.76,1,494,0.026263953,0.025,210.7
48.48,42.86,1,637,0.057780696,0.058333333,207.9
47.06,55.88,2,483,0.131976362,0.081666667,211.1
74.29,50,2,518,0.034799737,0.055,219
61.11,29.41,1,475,0.038082731,0.036666667,212.9
42.42,85.29,4,561,0.084701248,0.106666667,223.5
58.82,62.86,2,478,0.066973079,0.065,208.1
48.57,44.44,1,426,0.034143139,0.031666667,209.4
29.41,48.48,1,455,0.039395929,0.036666667,208.9
79.41,69.7,3,509,0.061720289,0.08,214.4
41.18,42.42,1,442,0.024294156,0.028333333,208.9
28.57,28.57,0,471,0.115561392,0.091666667,207.3
32.43,61.11,1,577,0.152987525,0.136666667,207.4
60,54.29,2,424,0.058437295,0.056666667,216.1
52.94,44.44,1,420,0.028233749,0.043333333,206.8
51.52,47.06,2,605,0.049244911,0.048333333,211
78.79,48.57,4,561,0.17793828,0.118333333,213.8
62.16,59.46,2,463,0.037426133,0.036666667,208.3
85.71,41.67,4,582,0.087984242,0.111666667,219.1
24.24,50,1,478,0.040052528,0.031666667,212.2
67.65,61.11,3,471,0.02232436,0.036666667,215.8
43.24,55.56,1,423,0.023637557,0.028333333,212
75,58.33,2,518,0.07222587,0.083333333,220.3
34.21,40.54,0,594,0.156927118,0.14,213.7
40,80,1,461,0.059750492,0.068333333,212.7
31.43,47.06,1,426,0.021667761,0.026666667,216.1
75.68,43.24,1,507,0.042678923,0.066666667,215.8
60,27.27,1,441,0.068942876,0.078333333,213.8
76.47,23.53,3,553,0.075508864,0.065,217.5
52.94,45.71,2,605,0.049244911,0.048333333,211
33.33,29.73,0,624,0.24425476,0.198333333,211.5
86.11,57.89,5,565,0.084044649,0.108333333,212.8
63.16,42.86,2,497,0.037426133,0.036666667,207.9
61.11,37.84,2,461,0.069599475,0.066666667,215.7
50,68.57,3,531,0.135259357,0.091666667,214.6
38.89,56.76,1,424,0.059750492,0.055,217.9
30.56,59.46,1,425,0.019697965,0.025,213.6
55.56,30.56,1,442,0.040052528,0.041666667,205.7
80.56,54.05,2,461,0.058437295,0.07,210.9
42.11,44.74,0,444,0.028233749,0.031666667,209.4
22.86,26.47,0,457,0.028233749,0.038333333,216.4
64.1,28.95,1,510,0.128693368,0.098333333,212.4
51.43,48.57,2,401,0.019041366,0.028333333,213.1
76.32,66.67,3,546,0.039395929,0.066666667,224.1
77.14,32.43,3,498,0.069599475,0.066666667,214.8
83.78,41.67,5,599,0.084044649,0.108333333,212.4
35,42.11,0,582,0.158896914,0.146666667,211.5
36.84,45.95,2,630,0.050558109,0.046666667,216.2
51.35,57.89,2,503,0.168089297,0.108333333,210.8
29.73,29.73,0,437,0.041365726,0.036666667,211.8
50,50,1,503,0.130663165,0.08,209.5
62.16,64.86,3,507,0.073539068,0.078333333,215.7
56.76,22.22,1,482,0.028890348,0.031666667,210
76.92,52.63,2,498,0.036112935,0.056666667,220.6
50,81.08,2,438,0.056467498,0.07,209.2
77.78,58.97,4,501,0.065003283,0.063333333,215
36.59,41.03,0,594,0.156927118,0.14,213.7
84.21,28.21,3,612,0.175311884,0.17,216.9
40.54,46.15,1,461,0.024294156,0.028333333,202.7
44.74,28.57,1,610,0.04990151,0.058333333,214.3
77.5,31.58,1,500,0.036769534,0.055,221.9
60.53,51.35,2,479,0.068942876,0.066666667,210.6
65,41.03,1,468,0.043335522,0.046666667,212.4
48.72,43.59,1,707,0.16086671,0.1,207.4
35.71,78.95,1,630,0.188443861,0.176666667,210.8
37.84,52.63,1,407,0.034143139,0.031666667,215.6
84.62,45,4,580,0.084701248,0.106666667,217.3
21.05,65.79,2,523,0.032829941,0.038333333,218.3
75.61,58.54,2,502,0.036769534,0.056666667,211.7
33.33,60,1,426,0.059093894,0.055,217.4
57.89,61.54,2,466,0.069599475,0.071666667,207.4
40,43.9,0,434,0.03348654,0.043333333,209
73.68,42.11,4,520,0.068942876,0.066666667,209.8
65.85,34.88,1,628,0.1667761,0.143333333,217.1
40,47.5,2,485,0.131319764,0.08,214.6
41.46,60.98,1,432,0.025607354,0.036666667,207.5
30.77,79.49,1,477,0.059750492,0.07,206.6
45,66.67,3,676,0.054497702,0.058333333,216.2
30.77,35,0,437,0.041365726,0.036666667,211.8
73.81,20.51,1,569,0.043335522,0.055,219
34.09,42.86,0,592,0.153644123,0.135,211.9
57.5,43.9,2,635,0.050558109,0.051666667,207.9
42.86,51.28,1,445,0.025607354,0.031666667,212.2
51.28,31.58,1,363,0.019041366,0.04,216.3
39.02,51.28,2,409,0.032173342,0.031666667,217.3
39.47,40.48,0,413,0.030203546,0.038333333,213.4
74.36,85,7,639,0.129349967,0.145,224.4
32.5,61.9,1,439,0.020354563,0.026666667,208
66.67,59.52,2,479,0.072882469,0.063333333,216.9
20,67.5,2,523,0.032829941,0.038333333,218.3
50,32.5,1,514,0.150361129,0.09,205.2
34.15,77.5,1,463,0.059093894,0.068333333,212.2
41.03,33.33,0,573,0.153644123,0.135,218.1
33.33,68.29,2,434,0.024294156,0.05,221.5
41.86,48.78,1,425,0.026920552,0.033333333,213.8
63.41,42.86,2,683,0.099146422,0.086666667,208.5
72.73,50,2,475,0.034143139,0.056666667,218.9
58.54,44.19,1,430,0.022980959,0.031666667,207.2
85.37,58.14,5,581,0.119500985,0.135,221.4
52.5,40,2,445,0.03348654,0.033333333,204.5
72.5,31.71,3,498,0.069599475,0.066666667,214.8
34.15,28.57,0,486,0.132632961,0.1,205.7
44.19,53.66,2,648,0.04990151,0.046666667,211.1
67.44,33.33,1,461,0.037426133,0.035,218.5
35,40.91,0,407,0.025607354,0.043333333,215.4
66.67,50,3,452,0.025607354,0.04,219.9
39.02,56.82,2,446,0.023637557,0.03,198.2
39.53,19.51,1,477,0.028890348,0.026666667,218.3
85.71,73.33,5,655,0.097176625,0.135,225.9
57.14,48.84,2,490,0.131319764,0.085,206.3
33.33,62.79,1,454,0.037426133,0.035,206.4
32.61,53.66,1,576,0.162836507,0.14,213.7
61.9,40,1,480,0.074852265,0.071666667,209.6
21.43,51.16,1,475,0.029546947,0.028333333,214.8
43.18,30.95,1,644,0.052527905,0.048333333,208.4
71.74,57.78,2,502,0.036769534,0.056666667,211.7
73.17,78.57,4,539,0.104399212,0.106666667,213.6
41.46,65.91,1,459,0.038082731,0.035,219
52.38,63.64,2,426,0.029546947,0.03,209.7
47.73,38.1,2,521,0.132632961,0.081666667,201.8
86.05,40,4,570,0.089954038,0.118333333,216.9
32.56,34.04,0,604,0.170715693,0.145,210.4
32.56,65.12,2,468,0.026920552,0.04,215.6
42.86,34.88,0,406,0.024294156,0.026666667,219.5
53.49,52.27,2,424,0.021011162,0.028333333,214.8
20.93,79.07,1,532,0.065659882,0.068333333,209.3
59.09,64.44,2,466,0.036112935,0.04,212.4
86.36,31.82,4,612,0.175311884,0.17,216.9
37.21,46.67,1,461,0.024294156,0.028333333,202.7
71.43,38.64,3,484,0.067629678,0.065,222.6
42.22,51.16,2,631,0.061720289,0.051666667,210.1
79.55,63.64,2,509,0.061720289,0.08,214.4
65.22,35.71,1,441,0.035456336,0.046666667,218.8
48.89,39.13,1,492,0.138542351,0.091666667,206.3
41.86,63.04,1,423,0.020354563,0.025,214.1
36.36,34.09,0,422,0.024294156,0.028333333,213.4
69.77,38.64,4,520,0.068942876,0.066666667,209.8
33.33,20.45,0,526,0.121470781,0.09,210
57.78,50,2,490,0.131319764,0.085,206.3
47.73,37.21,1,363,0.019041366,0.04,216.3
62.22,56.52,2,456,0.026263953,0.04,211
40,57.78,2,426,0.057780696,0.055,219.6
84.44,51.11,5,561,0.08338805,0.108333333,221.7
34.09,43.48,1,659,0.069599475,0.056666667,206.8
33.33,41.3,0,594,0.156927118,0.14,213.7
35.56,58.7,1,455,0.076822062,0.065,210.2
37.78,50,1,409,0.03348654,0.031666667,215.1
69.39,38.64,1,480,0.034799737,0.066666667,222.2
68.18,20,3,553,0.075508864,0.065,217.5
51.11,40,2,445,0.03348654,0.033333333,204.5
60,38.3,1,468,0.076822062,0.078333333,207.4
46.67,60.87,2,429,0.023637557,0.04,218.2
42.55,50,2,628,0.051214708,0.048333333,212.7
58.7,55.56,2,431,0.020354563,0.031666667,210
36.17,45.65,0,474,0.115561392,0.09,207.2
62.5,56.25,2,427,0.019697965,0.026666667,203.4
36.96,19.57,0,477,0.030203546,0.026666667,216.1
68.89,59.57,4,502,0.104399212,0.093333333,218.8
70,52.17,2,501,0.046618516,0.06,218
40.43,56.52,2,426,0.020354563,0.026666667,218.3
37.5,61.7,2,461,0.032173342,0.05,215.1
47.92,37.78,1,465,0.130663165,0.091666667,212.7
34.78,78.26,1,492,0.076822062,0.078333333,205
37.5,19.15,0,526,0.121470781,0.09,210
61.7,44.68,1,478,0.071569271,0.066666667,207.8
69.57,36.17,3,513,0.086671044,0.075,213.2
31.91,57.14,1,424,0.024294156,0.03,203.2
42.86,57.45,2,648,0.04990151,0.046666667,211.1
39.58,60.42,2,454,0.024950755,0.038333333,223.4
68.63,39.58,2,536,0.036769534,0.056666667,211.3
76.6,58.33,2,481,0.09455023,0.096666667,210.6
42.86,47.92,1,425,0.026920552,0.033333333,213.8
45.65,32,0,573,0.153644123,0.135,218.1
38,53.19,1,416,0.039395929,0.043333333,209
62.5,61.22,2,507,0.073539068,0.078333333,215.7
18.75,42,1,699,0.058437295,0.046666667,211.1
37.5,38.3,0,417,0.039395929,0.048333333,212.1
44.68,58,1,408,0.024294156,0.028333333,209.3
44.68,61.22,2,400,0.017071569,0.026666667,210.6
62.5,31.25,1,475,0.038082731,0.036666667,212.9
48.98,57.14,2,503,0.168089297,0.108333333,210.8
85.42,46.94,5,561,0.08338805,0.108333333,221.7
33.33,58.33,1,593,0.151017728,0.135,214.7
37.5,77.08,1,443,0.057124097,0.08,212.5
85.71,63.27,5,616,0.097833224,0.115,222.5
37.25,60,1,461,0.032173342,0.05,215.1
18.37,54.17,1,478,0.040052528,0.031666667,212.2
50,67.92,2,577,0.145764938,0.108333333,215.3
56,58.82,2,428,0.059093894,0.056666667,207.2
63.27,32.69,1,628,0.20026264,0.175,212.1
30.61,38.78,1,458,0.024294156,0.03,202.8
38.78,44,0,456,0.045305318,0.041666667,207.9
58,38.46,1,420,0.028233749,0.043333333,206.8
55.1,46,1,426,0.034143139,0.031666667,209.4
40,36.73,0,437,0.112934997,0.101666667,213.2
42.86,32,1,397,0.021667761,0.03,210.4
44.9,77.55,1,461,0.059750492,0.068333333,212.7
38,57.69,1,410,0.023637557,0.028333333,208.8
86,38,5,599,0.084044649,0.108333333,212.4
18,58.82,1,523,0.032829941,0.038333333,218.3
64,62,2,514,0.084701248,0.075,213
32.08,42.31,1,797,0.181221274,0.155,212.6
69.39,60,4,502,0.066973079,0.065,217.5
56,57.69,2,427,0.068942876,0.06,213.5
60.78,59.62,3,507,0.040052528,0.046666667,220.7
58.82,62.75,2,430,0.018384767,0.03,207.5
37.25,31.37,1,422,0.022980959,0.028333333,215.6
41.18,37.25,0,457,0.114904793,0.09,212.9
40,44,0,435,0.042022324,0.036666667,212.3
78,58.49,2,465,0.059093894,0.07,202
17.65,45.1,1,475,0.029546947,0.028333333,214.8
68.52,37.74,1,507,0.042678923,0.066666667,215.8
39.22,42.31,0,456,0.045305318,0.041666667,207.9
35.29,76.47,1,443,0.057124097,0.08,212.5
70,56.86,4,485,0.078791858,0.07,216.5
57.69,45.1,1,411,0.022980959,0.031666667,213.4
33.33,46.15,0,592,0.153644123,0.135,211.9
42.31,44,1,432,0.112278398,0.091666667,209.9
30.77,59.26,1,424,0.024294156,0.03,203.2
38.46,63.46,2,425,0.018384767,0.025,215.8
36.54,60.38,2,454,0.026263953,0.038333333,221.2
50,84.31,5,640,0.193040053,0.16,216.4
69.09,46.15,2,498,0.036112935,0.056666667,220.6
37.04,34.62,0,395,0.02757715,0.05,213.2
63.46,43.4,1,480,0.074852265,0.071666667,209.6
43.4,16.98,0,526,0.121470781,0.09,210
44.23,40.74,1,628,0.052527905,0.046666667,214.5
76.92,47.17,1,480,0.059750492,0.068333333,206.5
84.62,60,5,565,0.084044649,0.108333333,212.8
37.74,37.74,1,408,0.02232436,0.026666667,221.2
55.77,59.62,2,427,0.031516743,0.031666667,212.2
58.49,39.62,2,449,0.02232436,0.033333333,202.3
49.06,30.19,1,499,0.13328956,0.081666667,206.8
60.38,45.28,2,459,0.036769534,0.036666667,217.2
42.31,54.72,2,384,0.030860144,0.033333333,212.1
44.44,35.85,0,437,0.112934997,0.101666667,213.2
69.64,31.48,1,514,0.037426133,0.056666667,216.3
84.91,57.41,5,581,0.119500985,0.135,221.4
39.62,36.36,0,444,0.047275115,0.048333333,205.7
64.15,62.96,2,478,0.066973079,0.065,208.1
40,77.36,2,685,0.087327643,0.088333333,207.2
59.26,46.3,2,471,0.026920552,0.038333333,215.5
38.89,40.74,2,444,0.02232436,0.028333333,210.6
56.36,60.38,2,444,0.057124097,0.055,214.5
37.04,44.44,1,386,0.021011162,0.04,218
43.64,35.71,0,464,0.120814183,0.101666667,206.8
43.4,47.27,1,400,0.021667761,0.028333333,210.3
53.7,75.93,2,464,0.068942876,0.073333333,208.3
64.81,40.74,1,490,0.08864084,0.076666667,206.3
44.44,85.19,4,561,0.084701248,0.106666667,223.5
61.11,61.82,2,478,0.03348654,0.033333333,213.1
57.41,42.59,1,432,0.026263953,0.036666667,209
69.81,38.18,2,484,0.068942876,0.065,220.4
33.93,41.82,1,611,0.152987525,0.136666667,207
36.84,76.36,1,470,0.065003283,0.08,206.1
65.45,38.18,1,441,0.068942876,0.078333333,213.8
57.14,43.64,3,452,0.025607354,0.04,219.9
44.44,16.36,1,452,0.02757715,0.028333333,213.1
40,46.43,0,454,0.042022324,0.036666667,206.1
39.29,59.65,2,410,0.02232436,0.028333333,211
70.18,42.86,1,549,0.12803677,0.118333333,215.8
45.45,37.5,0,406,0.024294156,0.026666667,219.5
41.82,60.71,1,444,0.023637557,0.03,209.7
33.33,30.36,0,589,0.153644123,0.136666667,212
41.07,55.36,2,648,0.087327643,0.075,212.4
58.18,61.82,2,466,0.036112935,0.04,212.4
83.64,42.86,5,599,0.084044649,0.108333333,212.4
51.79,61.11,2,427,0.031516743,0.031666667,212.2
66.07,48.21,2,538,0.179908076,0.12,206.9
36.21,41.07,0,434,0.03348654,0.043333333,209
47.37,42.86,1,423,0.023637557,0.028333333,212
40.35,68.97,3,500,0.035456336,0.055,224.1
83.93,62.5,5,616,0.097833224,0.115,222.5
44.64,42.11,0,442,0.024294156,0.028333333,208.9
50.88,58.62,2,411,0.03348654,0.033333333,204.9
64.91,57.89,2,507,0.073539068,0.078333333,215.7
32.76,56.14,1,593,0.188443861,0.163333333,216
39.29,38.6,0,437,0.041365726,0.036666667,211.8
57.14,43.86,1,462,0.113591596,0.095,206.8
61.4,76.79,2,516,0.072882469,0.076666667,211.7
56.14,35.59,1,420,0.028233749,0.043333333,206.8
39.66,38.6,1,610,0.04990151,0.058333333,214.3
44.83,51.72,1,458,0.124753775,0.095,209
39.66,38.6,2,437,0.040052528,0.036666667,214
71.43,50,3,561,0.17793828,0.118333333,213.8
69.49,39.66,1,500,0.036769534,0.055,221.9
84.21,15.79,3,632,0.090610637,0.106666667,220.1
32.2,77.19,1,630,0.188443861,0.176666667,210.8
44.64,31.03,1,397,0.021667761,0.03,210.4
44.83,57.63,1,408,0.024294156,0.028333333,209.3
62.07,60.71,2,443,0.017728168,0.025,210.7
63.79,48.28,1,478,0.071569271,0.066666667,207.8
38.98,56.9,3,426,0.057780696,0.055,219.6
60.34,43.1,2,459,0.036769534,0.036666667,217.2
40.68,59.32,2,676,0.054497702,0.058333333,216.2
70.18,45.61,3,459,0.066316481,0.066666667,217.4
55.17,64.41,2,466,0.069599475,0.071666667,207.4
70,50.85,2,501,0.046618516,0.06,218
39.66,45.76,0,486,0.132632961,0.1,205.7
38.98,42.37,0,444,0.023637557,0.028333333,208.4
84.75,59.65,5,581,0.082074852,0.106666667,220.1
50.85,44.07,1,483,0.13328956,0.08,212.9
30.51,58.33,1,424,0.024294156,0.03,203.2
57.63,62.71,2,443,0.055154301,0.053333333,212
31.67,42.37,1,573,0.152330926,0.136666667,216.3
40,36.67,1,637,0.057780696,0.058333333,207.9
60,60.34,2,472,0.024294156,0.038333333,218.3
55.93,40.68,1,442,0.040052528,0.041666667,205.7
45,37.29,0,437,0.112934997,0.101666667,213.2
38.33,48.33,2,425,0.022980959,0.026666667,215.5
63.33,70.69,3,537,0.116217991,0.105,214.9
51.67,77.59,2,464,0.068942876,0.073333333,208.3
40,61.67,1,425,0.019697965,0.025,213.6
68.85,61.02,2,553,0.050558109,0.063333333,221.4
15.52,41.67,0,513,0.030203546,0.028333333,205.5
50,83.33,4,640,0.193040053,0.16,216.4
30,43.33,1,420,0.023637557,0.03,212.1
60,44.07,2,436,0.034799737,0.036666667,215.5
56.67,69.49,3,489,0.067629678,0.07,214.3
40,59.02,1,439,0.041365726,0.038333333,201.6
31.15,57.38,1,440,0.059750492,0.056666667,211.8
39.34,77.97,3,463,0.057780696,0.068333333,214.4
63.93,31.15,1,628,0.20026264,0.175,212.1
37.7,47.54,0,405,0.02232436,0.038333333,213.6
45,59.68,2,429,0.023637557,0.04,218.2
70,45.16,2,533,0.160210112,0.128333333,214.3
50.82,59.02,2,538,0.146421536,0.088333333,211.9
45.9,42.62,1,404,0.023637557,0.028333333,218.2
69.35,58.06,2,502,0.036769534,0.056666667,211.7
16.67,41.67,0,496,0.034143139,0.031666667,212.2
81.97,40.32,4,785,0.112278398,0.126666667,218
64.52,32.26,1,475,0.071569271,0.068333333,207.9
37.1,60,1,433,0.02757715,0.038333333,210
40.98,61.29,1,461,0.019697965,0.026666667,203
40.98,56.45,1,455,0.076822062,0.065,210.2
38.71,30.65,2,575,0.151674327,0.135,219.8
45.9,37.1,1,363,0.019041366,0.04,216.3
39.68,36.51,0,637,0.057780696,0.058333333,207.9
68.85,46.03,2,533,0.160210112,0.128333333,214.3
54.84,82.26,4,568,0.082731451,0.111666667,216.9
50,48.39,1,502,0.13328956,0.08,206.7
16.39,57.14,1,479,0.030203546,0.028333333,205.9
51.61,43.55,2,407,0.032829941,0.033333333,213.8
45.16,40.32,0,442,0.024294156,0.028333333,208.9
39.68,61.9,3,425,0.018384767,0.025,215.8
63.49,59.68,2,514,0.084701248,0.075,213
42.62,55.56,1,445,0.063033487,0.06,213.5
41.94,30.16,0,604,0.170715693,0.145,210.4
33.33,60.66,1,440,0.02232436,0.028333333,210.5
53.97,17.74,1,482,0.028890348,0.031666667,210
46.77,40.62,2,605,0.049244911,0.048333333,211
39.06,58.73,3,454,0.024950755,0.038333333,223.4
68.75,62.5,2,517,0.032829941,0.053333333,216.5
50.79,49.21,1,426,0.034143139,0.031666667,209.4
39.68,79.03,0,499,0.059093894,0.07,201.6
46.03,61.29,1,424,0.02232436,0.026666667,216.6
67.74,48.44,2,501,0.069599475,0.065,214.7
59.38,56.25,2,463,0.037426133,0.036666667,208.3
36.51,43.55,0,407,0.025607354,0.043333333,215.4
29.69,32.81,0,589,0.153644123,0.136666667,212
36.92,43.75,1,413,0.028890348,0.04,211.6
48.44,67.69,2,577,0.145764938,0.108333333,215.3
47.62,51.56,2,384,0.030860144,0.033333333,212.1
81.25,41.27,3,563,0.084044649,0.106666667,223
54.69,59.38,2,459,0.024950755,0.043333333,215.1
63.08,45.31,1,459,0.071569271,0.066666667,214
42.86,17.46,0,506,0.047931714,0.036666667,208.9
39.06,61.9,1,462,0.021667761,0.028333333,205.5
55.38,63.08,2,443,0.055154301,0.053333333,212
60,35.94,1,441,0.035456336,0.046666667,218.8
40,49.23,1,647,0.052527905,0.046666667,208.3
38.46,44.62,3,406,0.021667761,0.028333333,219.9
66.67,36.36,2,491,0.074852265,0.076666667,214.3
48.44,42.19,1,383,0.021011162,0.028333333,216
47.69,58.46,1,503,0.117531188,0.101666667,215.1
80,78.12,2,618,0.119500985,0.148333333,216.2
55.38,55.38,2,415,0.02232436,0.033333333,202.7
43.75,32.31,0,451,0.042022324,0.038333333,206.2
44.44,62.5,1,445,0.025607354,0.031666667,212.2
46.15,38.46,0,442,0.024294156,0.028333333,208.9
62.12,47.69,2,538,0.179908076,0.12,206.9
17.19,39.39,1,699,0.058437295,0.046666667,211.1
48.48,50.77,1,458,0.124753775,0.095,209
33.33,43.75,0,441,0.028233749,0.033333333,209.5
67.19,68.18,3,576,0.082074852,0.093333333,223.3
30.77,35.38,0,555,0.151017728,0.146666667,217.9
46.97,43.94,2,483,0.131976362,0.081666667,211.1
49.23,54.55,2,385,0.021011162,0.03,205.8
56.06,78.46,2,468,0.057780696,0.073333333,206.1
41.54,63.08,1,426,0.021667761,0.026666667,216.1
60.61,62.12,2,478,0.03348654,0.033333333,213.1
35.82,37.88,0,451,0.029546947,0.04,202.3
66.15,50,2,501,0.069599475,0.065,214.7
18.46,56.06,1,495,0.065659882,0.055,214.5
38.81,51.52,2,631,0.061720289,0.051666667,210.1
39.39,44.62,2,427,0.026263953,0.031666667,217.3
78.79,36.36,3,543,0.082074852,0.118333333,223.3
42.42,62.12,1,455,0.039395929,0.036666667,208.9
50.75,43.28,2,407,0.032829941,0.033333333,213.8
40.3,47.76,2,457,0.113591596,0.09,215.1
62.69,49.25,1,442,0.020354563,0.025,207.9
47.76,55.22,2,487,0.132632961,0.081666667,202.2
68.66,29.85,1,667,0.166119501,0.163333333,220.5
43.94,78.79,1,482,0.063033487,0.073333333,208.3
32.84,38.81,0,458,0.024294156,0.03,202.8
59.7,48.48,2,436,0.034799737,0.036666667,215.5
66.67,63.24,4,501,0.065003283,0.063333333,215
56.72,58.21,2,472,0.061720289,0.066666667,219.6
18.18,39.71,1,699,0.058437295,0.046666667,211.1
55.22,55.88,2,415,0.02232436,0.033333333,202.7
47.76,58.82,0,459,0.038082731,0.035,219
79.1,35.29,3,570,0.089954038,0.118333333,216.9
47.06,61.19,2,503,0.130663165,0.08,209.5
57.35,48.53,1,471,0.026920552,0.038333333,215.5
39.71,69.12,3,500,0.035456336,0.055,224.1
48.53,41.79,0,457,0.114904793,0.09,212.9
34.78,32.35,0,429,0.030203546,0.04,207.3
29.41,49.25,1,550,0.150361129,0.136666667,214.6
39.71,57.35,1,462,0.059093894,0.056666667,206.8
54.41,44.78,1,432,0.026263953,0.036666667,209
61.76,42.65,2,424,0.021011162,0.028333333,214.8
67.16,57.97,3,537,0.082731451,0.073333333,219.9
46.38,62.32,2,502,0.128693368,0.078333333,207
77.61,56.52,2,465,0.059093894,0.07,202
79.41,50,4,538,0.081418253,0.108333333,220
63.77,36.76,0,441,0.068942876,0.078333333,213.8
31.88,47.83,0,439,0.024950755,0.028333333,207.7
40.58,41.18,2,408,0.02232436,0.026666667,221.2
51.47,57.97,2,455,0.036112935,0.043333333,217.3
49.28,45.59,0,476,0.118844386,0.095,209
66.18,28.99,3,651,0.198292843,0.173333333,219
35.71,37.68,0,395,0.02757715,0.05,213.2
62.86,60.87,2,479,0.068942876,0.066666667,210.6
79.71,57.97,4,581,0.119500985,0.135,221.4
58.57,39.13,2,683,0.065659882,0.055,213.5
47.14,58.57,2,531,0.135259357,0.091666667,214.6
18.84,48.57,0,494,0.030860144,0.026666667,210.4
48.57,31.43,0,471,0.115561392,0.091666667,207.3
41.43,57.14,3,410,0.02232436,0.028333333,211
43.48,80,3,592,0.101772817,0.116666667,215.8
40.58,76.81,1,463,0.059093894,0.068333333,212.2
59.15,28.57,1,628,0.1667761,0.143333333,217.1
36.62,44.29,1,413,0.028890348,0.04,211.6
63.38,51.43,2,462,0.080761655,0.071666667,209.6
46.48,47.89,1,502,0.13328956,0.08,206.7
37.14,57.14,1,406,0.057124097,0.066666667,217.7
52.86,60,1,431,0.020354563,0.031666667,210
66.67,47.14,3,482,0.069599475,0.065,220.9
50,38.57,1,419,0.021011162,0.03,205.4
38.57,60.56,2,647,0.047931714,0.045,208.6
20,30.99,0,491,0.030860144,0.028333333,210.5
49.3,59.15,1,503,0.117531188,0.101666667,215.1
42.86,59.72,1,490,0.055154301,0.045,211.3
77.14,56.34,2,465,0.059093894,0.07,202
38.03,45.71,1,649,0.0558109,0.051666667,210.1
21.13,60.56,1,495,0.028233749,0.026666667,213.2
65.71,45.07,4,482,0.068286277,0.066666667,219.1
36.11,47.22,0,432,0.030203546,0.038333333,207.2
47.89,50.7,1,407,0.034143139,0.031666667,215.6
63.89,30.56,1,475,0.071569271,0.068333333,207.9
47.22,36.62,1,465,0.130663165,0.091666667,212.7
52.11,50.7,1,388,0.019697965,0.033333333,209.9
42.25,69.01,3,500,0.035456336,0.055,224.1
28.17,40,0,575,0.152987525,0.135,217.6
80.28,38.03,3,599,0.084044649,0.108333333,212.4
58.9,61.11,2,478,0.03348654,0.033333333,213.1
66.2,61.11,4,502,0.066973079,0.065,217.5
43.66,59.72,1,483,0.043992121,0.048333333,214
37.5,77.46,1,685,0.087327643,0.088333333,207.2
39.44,46.48,0,427,0.02757715,0.031666667,215.1
51.39,20.83,0,482,0.028890348,0.031666667,210
59.46,37.5,1,497,0.037426133,0.036666667,207.9
69.44,57.75,2,518,0.07222587,0.083333333,220.3
50,37.5,1,389,0.031516743,0.043333333,215.4
64.38,48.61,1,510,0.162179908,0.13,207.4
80.56,55.56,4,565,0.084044649,0.108333333,212.8
41.67,48.61,2,406,0.022980959,0.026666667,221.7
29.17,47.22,0,594,0.156927118,0.14,213.7
36.99,60.27,1,461,0.032173342,0.05,215.1
36.99,46.58,1,647,0.052527905,0.046666667,208.3
65.28,77.78,4,539,0.104399212,0.106666667,213.6
38.36,54.79,1,446,0.023637557,0.03,198.2
42.47,60.27,3,425,0.018384767,0.025,215.8
38.89,50.68,1,409,0.03348654,0.031666667,215.1
21.92,36.99,0,457,0.028233749,0.038333333,216.4
50.68,29.73,0,427,0.022980959,0.033333333,207.3
47.95,45.95,0,474,0.115561392,0.09,207.2
80.82,69.86,4,655,0.097176625,0.135,225.9
47.95,47.95,0,425,0.028233749,0.031666667,215.6
28.77,61.64,1,593,0.151017728,0.135,214.7
51.35,37.84,0,393,0.020354563,0.043333333,213.2
36.49,57.53,1,433,0.065003283,0.066666667,211.3
64.86,51.35,2,436,0.068286277,0.068333333,210.5
48.65,37.84,1,679,0.143138542,0.11,207.9
41.89,42.47,2,437,0.040052528,0.036666667,214
81.08,78.08,4,618,0.119500985,0.148333333,216.2
39.19,60.81,1,461,0.019697965,0.026666667,203
21.62,45.33,0,494,0.030860144,0.026666667,210.4
64.38,47.3,4,561,0.17793828,0.118333333,213.8
59.21,29.33,1,475,0.038082731,0.036666667,212.9
68.92,48.65,1,519,0.040709127,0.06,218
49.33,60,2,455,0.036112935,0.043333333,217.3
47.3,45.33,1,404,0.023637557,0.028333333,218.2
63.51,37.33,3,464,0.066973079,0.076666667,220.7
64,36,1,468,0.076822062,0.078333333,207.4
52,46.05,1,400,0.021667761,0.028333333,210.3
41.89,54.67,1,439,0.041365726,0.038333333,201.6
42.67,38.67,2,444,0.02232436,0.028333333,210.6
49.33,37.33,0,679,0.143138542,0.11,207.9
61.33,61.33,2,443,0.017728168,0.025,210.7
77.03,58.11,2,481,0.09455023,0.096666667,210.6
59.74,28,1,628,0.1667761,0.143333333,217.1
52,48,1,490,0.131319764,0.085,206.3
21.33,35.53,0,484,0.036112935,0.038333333,210
40.54,38.16,0,444,0.023637557,0.028333333,208.4
28.95,49.33,0,441,0.028233749,0.033333333,209.5
57.33,46.05,2,424,0.058437295,0.056666667,216.1
64.47,38.16,1,683,0.099146422,0.086666667,208.5
43.42,48.68,3,485,0.131319764,0.08,214.6
36.84,60.53,1,434,0.024294156,0.05,221.5
46.67,48.68,0,455,0.115561392,0.09,213.4
77.33,61.84,2,480,0.055154301,0.066666667,206.8
81.58,60.53,4,581,0.082074852,0.106666667,220.1
67.11,28.57,0,514,0.037426133,0.056666667,216.3
40,50,0,427,0.02757715,0.031666667,215.1
23.38,36.36,0,457,0.028233749,0.038333333,216.4
59.74,46.75,2,424,0.021011162,0.028333333,214.8
64.47,35.06,3,491,0.074852265,0.076666667,214.3
51.95,56.58,2,401,0.056467498,0.056666667,214.4
49.35,37.66,2,707,0.16086671,0.1,207.4
77.63,54.55,2,465,0.059093894,0.07,202
81.82,40.79,3,563,0.084044649,0.106666667,223
42.11,38.96,0,473,0.041365726,0.038333333,201.2
49.35,61.04,1,444,0.023637557,0.03,209.7
48.05,46.15,1,455,0.114248194,0.091666667,211.6
60.26,45.45,2,471,0.026920552,0.038333333,215.5
57.14,53.85,2,428,0.059093894,0.056666667,207.2
48.05,67.53,1,498,0.037426133,0.055,222.4
64.94,64.94,4,537,0.116217991,0.105,214.9
28.57,77.92,1,630,0.188443861,0.176666667,210.8
82.05,28.21,3,577,0.084701248,0.108333333,217.4
41.56,60.26,1,490,0.055154301,0.045,211.3
48.72,35.9,1,465,0.130663165,0.091666667,212.7
51.28,48.72,2,384,0.030860144,0.033333333,212.1
38.46,60.26,2,648,0.04990151,0.046666667,211.1
50.65,64.1,2,466,0.069599475,0.071666667,207.4
40.26,48.72,0,427,0.02757715,0.031666667,215.1
51.28,65.38,3,489,0.067629678,0.07,214.3
48.72,60.76,2,503,0.117531188,0.101666667,215.1
37.97,53.16,2,632,0.051871307,0.048333333,203.8
67.95,44.87,1,517,0.037426133,0.055,216.2
41.03,76.92,1,492,0.076822062,0.078333333,205
42.31,47.44,2,406,0.022980959,0.026666667,221.7
39.74,61.54,1,425,0.019697965,0.025,213.6
27.85,57.69,1,440,0.059750492,0.056666667,211.8
29.49,39.74,0,611,0.152987525,0.136666667,207
49.37,24.05,1,554,0.139198949,0.08,209.5
35.44,49.37,1,416,0.039395929,0.043333333,209
50.63,35.44,1,363,0.019041366,0.04,216.3
60.76,77.22,2,516,0.072882469,0.076666667,211.7
49.37,62.03,1,444,0.023637557,0.03,209.7
41.77,82.28,6,563,0.082731451,0.106666667,225.2
37.5,61.25,3,676,0.054497702,0.058333333,216.2
51.9,64.56,4,489,0.067629678,0.07,214.3
48.1,56.96,1,424,0.059750492,0.055,217.9
40.51,28.75,0,451,0.042022324,0.038333333,206.2
67.09,39.24,1,536,0.036769534,0.056666667,211.3
53.75,45.57,1,427,0.024294156,0.028333333,203.1
30.38,39.24,0,575,0.152987525,0.135,217.6
50,35,1,389,0.031516743,0.043333333,215.4
63.75,25,1,530,0.077478661,0.066666667,210.6
63.75,48.75,3,533,0.160210112,0.128333333,214.3
48.75,35,1,492,0.138542351,0.091666667,206.3
60,46.25,0,443,0.02232436,0.026666667,210.4
50,76.25,1,482,0.063033487,0.073333333,208.3
67.5,61.25,2,553,0.050558109,0.063333333,221.4
82.5,61.25,5,580,0.080105056,0.105,217.6
52.5,44.44,2,411,0.021667761,0.033333333,211.6
38.75,57.5,1,426,0.059093894,0.055,217.4
40,47.5,0,435,0.042022324,0.036666667,212.3
29.63,38.75,0,458,0.024294156,0.03,202.8
34.57,45.68,0,432,0.030203546,0.038333333,207.2
62.96,61.73,3,530,0.071569271,0.076666667,222.6
64.2,51.85,2,436,0.068286277,0.068333333,210.5
37.04,34.57,1,610,0.04990151,0.058333333,214.3
49.38,60.49,1,475,0.112934997,0.09,210
49.38,24.69,1,554,0.139198949,0.08,209.5
39.51,53.09,1,439,0.041365726,0.038333333,201.6
66.67,38.27,1,500,0.036769534,0.055,221.9
53.09,50.62,1,414,0.032173342,0.036666667,209
61.73,39.51,1,497,0.037426133,0.036666667,207.9
81.48,32.1,4,730,0.213394616,0.215,221.6
40.74,50.62,2,427,0.026263953,0.031666667,217.3
0,0,4,537,0.116217991,0.105,214.9
0,0,2,423,0.023637557,0.028333333,212
0,0,1,478,0.040052528,0.031666667,212.2
0,0,1,464,0.120814183,0.101666667,206.8
0,0,3,406,0.019697965,0.038333333,216.4
0,0,2,410,0.02232436,0.028333333,211
0,0,0,442,0.040052528,0.041666667,205.7
0,0,0,423,0.020354563,0.025,214.1
0,0,1,441,0.028233749,0.033333333,209.5
100,0,1,536,0.036769534,0.056666667,211.3
0,0,2,531,0.135259357,0.091666667,214.6
0,0,3,648,0.087327643,0.075,212.4
0,0,0,628,0.1667761,0.143333333,217.1
100,100,2,428,0.037426133,0.036666667,211.2
0,0,3,441,0.068942876,0.078333333,213.8
100,100,3,443,0.02232436,0.026666667,210.4
100,100,3,459,0.066316481,0.066666667,217.4
0,100,0,484,0.036112935,0.038333333,210
0,100,2,425,0.019697965,0.025,213.6
0,0,6,563,0.082731451,0.106666667,225.2
0,0,0,589,0.153644123,0.136666667,212
0,100,2,434,0.024294156,0.05,221.5
100,50,2,491,0.074852265,0.076666667,214.3
0,50,2,458,0.124753775,0.095,209
0,50,2,647,0.052527905,0.046666667,208.3
0,100,1,540,0.168089297,0.121666667,205.6
0,100,1,529,0.054497702,0.065,214.7
50,100,4,565,0.084044649,0.108333333,212.8
50,100,2,402,0.024950755,0.033333333,212.1
0,50,0,442,0.024294156,0.028333333,208.9
100,50,2,443,0.055154301,0.053333333,212
100,0,0,475,0.038082731,0.036666667,212.9
50,50,4,426,0.059093894,0.055,217.4
0,66.67,2,405,0.02232436,0.038333333,213.6
33.33,50,1,462,0.113591596,0.095,206.8
100,100,1,502,0.036769534,0.056666667,211.7
66.67,50,2,381,0.020354563,0.03,214.7
0,33.33,4,592,0.101772817,0.116666667,215.8
100,100,3,509,0.061720289,0.08,214.4
50,100,2,424,0.02232436,0.026666667,216.6
0,33.33,0,458,0.024294156,0.03,202.8
66.67,0,2,561,0.17793828,0.118333333,213.8
66.67,66.67,0,484,0.036112935,0.038333333,210
33.33,0,3,683,0.099146422,0.086666667,208.5
66.67,33.33,3,409,0.03348654,0.031666667,215.1
33.33,66.67,3,427,0.026263953,0.031666667,217.3
100,66.67,0,478,0.03348654,0.033333333,213.1
33.33,33.33,1,404,0.023637557,0.028333333,218.2
75,25,2,480,0.034799737,0.066666667,222.2
66.67,100,2,512,0.150361129,0.131666667,206.1
50,33.33,3,427,0.068942876,0.06,213.5
0,100,0,439,0.041365726,0.038333333,201.6
25,50,0,439,0.020354563,0.026666667,208
50,66.67,6,609,0.086671044,0.118333333,225.2
33.33,100,2,593,0.151017728,0.135,214.7
25,0,0,490,0.131319764,0.085,206.3
100,75,1,480,0.041365726,0.04,214.6
25,25,2,444,0.02232436,0.028333333,210.6
80,50,2,498,0.036112935,0.056666667,220.6
75,100,1,470,0.065003283,0.08,206.1
20,25,0,411,0.022980959,0.031666667,213.4
60,0,1,699,0.058437295,0.046666667,211.1
40,50,4,426,0.059093894,0.055,217.4
60,75,6,581,0.082074852,0.106666667,220.1
50,50,2,621,0.15561392,0.146666667,219.8
60,40,4,484,0.067629678,0.065,222.6
60,50,3,510,0.162179908,0.13,207.4
25,40,2,503,0.168089297,0.108333333,210.8
83.33,80,1,502,0.036769534,0.056666667,211.7
16.67,20,1,417,0.039395929,0.048333333,212.1
40,40,0,592,0.149047932,0.133333333,212.2
100,60,1,478,0.038082731,0.035,212.8
16.67,60,1,388,0.019697965,0.033333333,209.9
40,50,0,475,0.030860144,0.026666667,216.6
80,40,1,413,0.028890348,0.04,211.6
66.67,66.67,5,580,0.084701248,0.106666667,217.3
40,50,3,457,0.114904793,0.09,212.9
50,40,1,628,0.052527905,0.046666667,214.5
71.43,33.33,2,480,0.034799737,0.066666667,222.2
83.33,50,1,408,0.022980959,0.03,207.5
50,66.67,2,415,0.028233749,0.038333333,215.1
14.29,50,0,454,0.037426133,0.035,206.4
57.14,80,4,616,0.097833224,0.115,222.5
50,16.67,1,445,0.03348654,0.033333333,204.5
42.86,33.33,0,491,0.030860144,0.028333333,210.5
66.67,50,3,401,0.056467498,0.056666667,214.4
57.14,57.14,2,381,0.020354563,0.03,214.7
42.86,57.14,3,485,0.078791858,0.07,216.5
42.86,66.67,2,440,0.02232436,0.028333333,210.5
20,33.33,1,534,0.223900197,0.143333333,206.3
62.5,50,2,722,0.065003283,0.075,216.9
71.43,71.43,0,417,0.029546947,0.04,202.7
57.14,57.14,1,444,0.023637557,0.03,209.7
62.5,57.14,5,618,0.119500985,0.148333333,216.2
42.86,50,1,594,0.156927118,0.14,213.7
62.5,50,2,389,0.031516743,0.043333333,215.4
12.5,66.67,1,505,0.035456336,0.06,215.8
50,62.5,2,461,0.058437295,0.07,210.9
50,42.86,1,455,0.115561392,0.09,213.4
57.14,62.5,2,471,0.02232436,0.036666667,215.8
75,57.14,4,479,0.106369009,0.095,211.9
37.5,37.5,0,644,0.159553513,0.135,214.7
71.43,62.5,0,463,0.037426133,0.036666667,208.3
12.5,66.67,1,461,0.024294156,0.028333333,202.7
44.44,28.57,2,485,0.131319764,0.08,214.6
10,62.5,2,437,0.041365726,0.036666667,211.8
55.56,66.67,4,561,0.084701248,0.106666667,223.5
11.11,44.44,2,489,0.067629678,0.07,214.3
62.5,37.5,1,510,0.128693368,0.098333333,212.4
77.78,66.67,2,468,0.076822062,0.078333333,207.4
62.5,50,3,472,0.024294156,0.038333333,218.3
70,55.56,1,517,0.032829941,0.053333333,216.5
44.44,55.56,1,477,0.059750492,0.07,206.6
50,55.56,2,631,0.061720289,0.051666667,210.1
66.67,55.56,3,406,0.022980959,0.028333333,217.7
55.56,50,3,445,0.063033487,0.06,213.5
44.44,66.67,0,577,0.152987525,0.136666667,207.4
20,80,2,466,0.069599475,0.071666667,207.4
33.33,40,0,491,0.030860144,0.028333333,210.5
70,44.44,5,612,0.175311884,0.17,216.9
40,44.44,3,459,0.066316481,0.066666667,217.4
50,50,3,409,0.032173342,0.031666667,217.3
9.09,55.56,2,455,0.039395929,0.036666667,208.9
55.56,50,2,628,0.051214708,0.048333333,212.7
25,55.56,2,531,0.135259357,0.091666667,214.6
55.56,60,1,516,0.072882469,0.076666667,211.7
50,40,0,475,0.030860144,0.026666667,216.6
55.56,50,0,405,0.017728168,0.036666667,213.9
11.11,44.44,2,462,0.059093894,0.056666667,206.8
45.45,70,2,426,0.034143139,0.031666667,209.4
60,60,0,637,0.057780696,0.058333333,207.9
81.82,50,1,628,0.20026264,0.175,212.1
72.73,70,5,563,0.084044649,0.106666667,223
45.45,50,2,593,0.151017728,0.135,214.7
54.55,60,4,454,0.024950755,0.038333333,223.4
45.45,72.73,3,576,0.082074852,0.093333333,223.3
54.55,40,2,424,0.059750492,0.055,217.9
18.18,72.73,1,430,0.022980959,0.031666667,207.2
83.33,45.45,2,459,0.070256074,0.068333333,212.2
22.22,41.67,1,486,0.142481944,0.085,208.5
50,36.36,2,479,0.072882469,0.063333333,216.9
40,63.64,2,438,0.056467498,0.07,209.2
45.45,45.45,1,474,0.1109652,0.088333333,207.5
36.36,54.55,1,496,0.034143139,0.031666667,212.2
16.67,54.55,2,431,0.020354563,0.031666667,210
50,45.45,2,461,0.036112935,0.035,220.7
54.55,27.27,1,666,0.051871307,0.048333333,203.4
75,63.64,1,502,0.036769534,0.056666667,211.7
41.67,16.67,2,513,0.086671044,0.075,213.2
41.67,45.45,1,550,0.150361129,0.136666667,214.6
20,58.33,1,540,0.168089297,0.121666667,205.6
75,54.55,5,543,0.082074852,0.118333333,223.3
58.33,66.67,0,413,0.030203546,0.038333333,213.4
63.64,30.77,2,422,0.024294156,0.028333333,213.4
41.67,41.67,0,494,0.026263953,0.025,210.7
84.62,63.64,3,507,0.073539068,0.078333333,215.7
76.92,46.15,2,501,0.046618516,0.06,218
15.38,41.67,2,455,0.076822062,0.065,210.2
25,58.33,2,462,0.021667761,0.028333333,205.5
46.15,58.33,3,706,0.097176625,0.085,215.4
50,58.33,1,385,0.021011162,0.03,205.8
15.38,53.85,2,413,0.021011162,0.031666667,215.1
61.54,50,1,425,0.028233749,0.031666667,215.6
78.57,58.33,3,546,0.039395929,0.066666667,224.1
14.29,61.54,1,492,0.076822062,0.078333333,205
14.29,23.08,0,449,0.02232436,0.033333333,202.3
46.15,61.54,3,475,0.112934997,0.09,210
53.85,42.86,1,647,0.047931714,0.045,208.6
50,41.67,3,482,0.068286277,0.066666667,219.1
61.54,64.29,3,463,0.059093894,0.068333333,212.2
18.18,46.15,2,503,0.168089297,0.108333333,210.8
57.14,53.85,1,434,0.03348654,0.043333333,209
42.86,53.85,1,555,0.151017728,0.146666667,217.9
86.67,78.57,6,616,0.131319764,0.146666667,217.5
73.33,33.33,1,514,0.037426133,0.056666667,216.3
46.67,71.43,2,426,0.034143139,0.031666667,209.4
42.86,64.29,3,475,0.112934997,0.09,210
35.71,40,0,494,0.026263953,0.025,210.7
57.14,64.29,3,676,0.054497702,0.058333333,216.2
13.33,64.29,2,437,0.041365726,0.036666667,211.8
57.14,21.43,1,463,0.02757715,0.033333333,204.5
53.33,57.14,2,406,0.022980959,0.026666667,221.7
40,31.25,0,589,0.153644123,0.136666667,212
35.71,35.71,1,459,0.036769534,0.036666667,217.2
53.33,37.5,0,432,0.025607354,0.036666667,207.5
73.33,57.14,5,543,0.082074852,0.118333333,223.3
75,50,1,502,0.036769534,0.056666667,211.7
53.33,26.67,1,463,0.02757715,0.033333333,204.5
46.67,50,2,458,0.124753775,0.095,209
75,40,3,632,0.090610637,0.106666667,220.1
66.67,60,4,472,0.024294156,0.038333333,218.3
66.67,66.67,3,425,0.024294156,0.026666667,213.3
23.08,35.29,0,499,0.13328956,0.081666667,206.8
60,37.5,0,573,0.153644123,0.135,218.1
62.5,40,3,406,0.022980959,0.028333333,217.7
56.25,68.75,3,501,0.069599475,0.065,214.7
50,52.94,1,416,0.039395929,0.043333333,209
53.33,41.18,1,405,0.017728168,0.036666667,213.9
33.33,53.33,1,683,0.065659882,0.055,213.5
56.25,46.67,1,429,0.02757715,0.033333333,204.9
53.33,56.25,3,401,0.019041366,0.028333333,213.1
50,46.67,4,426,0.057780696,0.055,219.6
88.24,17.65,2,490,0.08864084,0.076666667,206.3
18.75,62.5,1,468,0.057780696,0.073333333,206.1
56.25,25,0,442,0.024294156,0.028333333,208.9
21.43,41.18,0,652,0.261982928,0.188333333,211
58.82,43.75,3,424,0.021011162,0.028333333,214.8
58.82,37.5,2,553,0.075508864,0.065,217.5
56.25,58.82,2,407,0.025607354,0.043333333,215.4
17.65,31.25,0,466,0.036112935,0.04,212.4
58.82,76.47,1,498,0.037426133,0.055,222.4
58.82,47.06,2,415,0.029546947,0.038333333,212.9
52.94,64.71,3,463,0.057780696,0.068333333,214.4
76.47,43.75,6,581,0.119500985,0.135,221.4
50,38.89,1,397,0.021667761,0.03,210.4
20,38.89,0,502,0.128693368,0.078333333,207
35.29,55.56,1,496,0.034143139,0.031666667,212.2
16.67,58.82,1,635,0.050558109,0.051666667,207.9
84.21,44.44,2,468,0.076822062,0.078333333,207.4
61.11,47.06,3,482,0.068286277,0.066666667,219.1
55.56,64.71,3,455,0.036112935,0.043333333,217.3
47.06,61.11,3,457,0.114904793,0.09,212.9
47.06,64.71,3,443,0.059750492,0.055,211.7
55.56,41.18,0,408,0.024294156,0.028333333,209.3
55.56,36.84,2,422,0.022980959,0.028333333,215.6
18.75,72.22,2,640,0.193040053,0.16,216.4
61.11,44.44,2,461,0.058437295,0.07,210.9
42.11,58.82,1,395,0.02757715,0.05,213.2
57.89,55.56,2,445,0.025607354,0.031666667,212.2
21.05,61.11,2,459,0.024950755,0.043333333,215.1
85,57.89,2,462,0.080761655,0.071666667,209.6
77.78,55.56,2,722,0.065003283,0.075,216.9
21.05,44.44,2,455,0.076822062,0.065,210.2
57.89,73.68,5,563,0.082731451,0.106666667,225.2
52.94,42.11,1,400,0.017071569,0.026666667,210.6
35.29,27.78,0,497,0.037426133,0.036666667,207.9
17.65,50,1,534,0.223900197,0.143333333,206.3
33.33,38.89,0,479,0.030203546,0.028333333,205.9
40,55,1,416,0.039395929,0.043333333,209
63.16,61.11,3,464,0.066973079,0.076666667,220.7
85.71,66.67,3,478,0.071569271,0.066666667,207.8
52.63,60,2,649,0.0558109,0.051666667,210.1
78.95,36.84,1,569,0.043335522,0.055,219
75,26.32,2,599,0.084044649,0.108333333,212.4
38.89,42.11,0,628,0.1667761,0.143333333,217.1
65,52.63,3,533,0.160210112,0.128333333,214.3
16.67,33.33,0,499,0.13328956,0.081666667,206.8
60,52.63,3,426,0.021667761,0.026666667,216.1
57.89,45,0,423,0.020354563,0.025,214.1
50,30,1,419,0.021011162,0.03,205.4
36.36,68.42,1,439,0.024950755,0.028333333,207.7
38.1,42.11,2,433,0.065003283,0.066666667,211.3
57.89,55,2,406,0.019697965,0.038333333,216.4
50,50,2,679,0.143138542,0.11,207.9
63.16,42.11,2,452,0.025607354,0.04,219.9
80,57.14,2,501,0.046618516,0.06,218
55,57.14,4,408,0.02232436,0.026666667,221.2
23.81,35,0,506,0.047931714,0.036666667,208.9
65,36.84,1,465,0.059093894,0.07,202
71.43,40,4,730,0.213394616,0.215,221.6
81.82,60,2,441,0.068942876,0.078333333,213.8
52.63,61.9,2,402,0.024950755,0.033333333,212.1
42.11,47.62,0,478,0.03348654,0.033333333,213.1
72.73,40.91,4,570,0.089954038,0.118333333,216.9
54.55,65,3,455,0.036112935,0.043333333,217.3
15,28.57,0,521,0.132632961,0.081666667,201.8
66.67,35,1,465,0.059093894,0.07,202
59.09,40,4,426,0.059093894,0.055,217.4
52.38,50,2,425,0.018384767,0.025,215.8
82.61,34.78,2,475,0.071569271,0.068333333,207.9
55,31.82,1,419,0.021011162,0.03,205.4
57.14,38.1,0,573,0.153644123,0.135,218.1
50,59.09,3,427,0.026263953,0.031666667,217.3
73.91,50,5,612,0.175311884,0.17,216.9
38.1,56.52,2,461,0.037426133,0.035,218.5
68.18,42.86,3,481,0.09455023,0.096666667,210.6
80.95,36.36,1,667,0.166119501,0.163333333,220.5
41.67,38.1,1,413,0.028890348,0.04,211.6
50,52.17,1,631,0.061720289,0.051666667,210.1
59.09,33.33,1,402,0.02232436,0.04,213.7
22.73,36.36,0,482,0.028890348,0.031666667,210
69.57,14.29,2,561,0.17793828,0.118333333,213.8
52.17,75,6,563,0.082731451,0.106666667,225.2
26.09,59.09,0,435,0.042022324,0.036666667,212.3
65.22,63.64,2,480,0.059750492,0.068333333,206.5
52.17,54.55,1,443,0.017728168,0.025,210.7
36,66.67,2,468,0.026920552,0.04,215.6
45.45,54.17,2,443,0.055154301,0.053333333,212
56.52,52.17,2,445,0.025607354,0.031666667,212.2
70.83,30.43,2,520,0.068942876,0.066666667,209.8
21.74,40,0,420,0.028233749,0.043333333,206.8
84,29.17,2,490,0.08864084,0.076666667,206.3
47.83,34.78,1,632,0.051871307,0.048333333,203.8
76,40.91,3,561,0.08338805,0.108333333,221.7
54.55,60.87,2,400,0.021667761,0.028333333,210.3
50,56.52,2,406,0.022980959,0.026666667,221.7
47.83,66.67,2,512,0.150361129,0.131666667,206.1
36.36,56,2,461,0.037426133,0.035,218.5
34.78,56.52,1,555,0.151017728,0.146666667,217.9
34.62,54.17,1,440,0.02232436,0.028333333,210.5
39.13,47.83,1,495,0.065659882,0.055,214.5
81.82,52,1,517,0.032829941,0.053333333,216.5
13.04,39.13,1,483,0.131976362,0.081666667,211.1
76.92,58.33,4,580,0.084701248,0.106666667,217.3
72,56,3,485,0.078791858,0.07,216.5
34.78,56,1,479,0.035456336,0.035,215.6
45.83,41.67,1,526,0.121470781,0.09,210
37.5,37.5,1,573,0.152330926,0.136666667,216.3
20.83,40.74,0,420,0.028233749,0.043333333,206.8
69.23,54.17,2,464,0.066973079,0.076666667,220.7
16.67,50,1,707,0.16086671,0.1,207.4
58.33,50,1,400,0.017071569,0.026666667,210.6
45.83,32,1,428,0.059093894,0.056666667,207.2
33.33,69.23,1,477,0.059750492,0.07,206.6
81.48,56,3,478,0.071569271,0.066666667,207.8
56,57.69,1,407,0.034143139,0.031666667,215.6
50,52,3,388,0.020354563,0.038333333,221.5
24,48,1,635,0.050558109,0.051666667,207.9
82.14,20,1,538,0.179908076,0.12,206.9
51.85,83.33,3,500,0.035456336,0.055,224.1
48,30.77,1,459,0.114904793,0.091666667,202.7
77.78,52,3,582,0.087984242,0.111666667,219.1
37.5,70.83,2,507,0.040052528,0.046666667,220.7
53.85,53.85,1,423,0.024950755,0.026666667,213.8
40,50,1,797,0.181221274,0.155,212.6
40,53.85,2,495,0.028233749,0.026666667,213.2
59.26,50,3,388,0.021667761,0.038333333,219.3
25.93,70.37,1,492,0.076822062,0.078333333,205
32.14,30.77,0,458,0.024294156,0.03,202.8
59.26,46.15,3,427,0.068942876,0.06,213.5
40,39.29,0,468,0.043335522,0.046666667,212.4
29.63,51.85,2,428,0.021667761,0.028333333,205.9
79.31,55.56,1,459,0.071569271,0.066666667,214
50,50,2,476,0.118844386,0.095,209
23.08,48.15,0,502,0.128693368,0.078333333,207
50,60,3,383,0.019697965,0.028333333,218.2
31.03,68,2,468,0.026920552,0.04,215.6
84,38.46,2,498,0.036112935,0.056666667,220.6
22.22,51.85,1,430,0.022980959,0.031666667,207.2
42.31,51.85,1,699,0.058437295,0.046666667,211.1
57.14,33.33,2,444,0.023637557,0.028333333,208.4
28.57,78.57,2,592,0.101772817,0.116666667,215.8
57.14,53.57,2,426,0.034143139,0.031666667,209.4
37.93,51.85,1,434,0.03348654,0.043333333,209
42.31,53.57,2,479,0.035456336,0.035,215.6
80,46.43,2,478,0.066973079,0.065,208.1
40.74,69.23,2,523,0.032829941,0.038333333,218.3
21.43,28.57,0,415,0.02232436,0.033333333,202.7
25.93,57.69,1,460,0.130006566,0.081666667,209.4
51.72,53.57,2,406,0.022980959,0.026666667,221.7
84.62,67.86,2,555,0.07222587,0.096666667,215.1
53.57,35.71,2,425,0.026920552,0.033333333,213.8
53.57,50,2,648,0.087327643,0.075,212.4
40.74,50,1,510,0.128693368,0.098333333,212.4
58.62,30,2,422,0.024294156,0.028333333,213.4
27.59,65.52,1,492,0.076822062,0.078333333,205
32.14,70.37,2,490,0.026263953,0.04,210.6
36.67,55.17,1,432,0.030203546,0.038333333,207.2
39.29,55.17,1,478,0.040052528,0.031666667,212.2
73.33,55.17,4,502,0.066973079,0.065,217.5
78.12,56.67,3,462,0.080761655,0.071666667,209.6
20.69,51.72,1,462,0.113591596,0.095,206.8
28.57,50,0,465,0.130663165,0.091666667,212.7
85.71,46.67,1,517,0.032829941,0.053333333,216.5
56.67,55.17,3,427,0.02757715,0.031666667,215.1
55.17,48.28,2,424,0.059750492,0.055,217.9
26.67,32.26,0,451,0.042022324,0.038333333,206.2
39.29,66.67,1,516,0.072882469,0.076666667,211.7
79.31,37.04,2,730,0.213394616,0.215,221.6
48.28,31.03,0,424,0.021667761,0.04,208.7
50,53.33,4,426,0.020354563,0.026666667,218.3
74.19,53.57,3,459,0.066316481,0.066666667,217.4
71.43,36.67,3,452,0.025607354,0.04,219.9
23.33,54.84,1,414,0.032173342,0.036666667,209
78.79,50,3,510,0.162179908,0.13,207.4
31.03,35.48,0,492,0.138542351,0.091666667,206.3
50,45.16,2,443,0.055154301,0.053333333,212
25.81,56.67,1,454,0.042022324,0.036666667,206.1
53.33,58.06,2,406,0.024294156,0.026666667,219.5
53.33,67.74,2,482,0.063033487,0.073333333,208.3
80,30,2,565,0.084044649,0.108333333,212.8
37.93,34.38,0,475,0.038082731,0.036666667,212.9
71.88,33.33,2,561,0.17793828,0.118333333,213.8
46.67,72.41,2,434,0.024294156,0.05,221.5
76.47,53.33,3,683,0.099146422,0.086666667,208.5
33.33,29.03,0,424,0.024294156,0.03,203.2
68.75,43.75,1,480,0.055154301,0.066666667,206.8
54.84,54.84,2,647,0.052527905,0.046666667,208.3
48.39,34.38,2,415,0.028233749,0.038333333,215.1
36.67,54.84,2,495,0.028233749,0.026666667,213.2
28.12,51.61,1,486,0.132632961,0.1,205.7
83.33,40,1,553,0.050558109,0.063333333,221.4
55.17,35.48,2,381,0.020354563,0.03,214.7
22.58,51.61,2,431,0.057780696,0.06,211.3
80.65,37.93,3,730,0.213394616,0.215,221.6
56.67,34.38,1,381,0.020354563,0.03,214.7
38.71,56.25,1,478,0.040052528,0.031666667,212.2
33.33,53.12,2,433,0.02757715,0.038333333,210
21.88,27.27,0,442,0.040052528,0.041666667,205.7
74.29,32.26,2,538,0.179908076,0.12,206.9
50,53.12,3,457,0.113591596,0.09,215.1
41.94,28.12,0,463,0.037426133,0.036666667,208.3
53.12,45.45,2,443,0.055154301,0.053333333,212
53.12,81.25,3,561,0.084701248,0.106666667,223.5
36.67,50,0,594,0.156927118,0.14,213.7
35.48,66.67,1,499,0.059093894,0.07,201.6
72.73,78.79,5,639,0.129349967,0.145,224.4
75,54.55,4,479,0.068942876,0.066666667,210.6
80.65,54.55,3,518,0.07222587,0.083333333,220.3
35.48,60.61,2,575,0.152987525,0.135,217.6
57.58,56.25,2,426,0.034143139,0.031666667,209.4
26.47,74.19,2,483,0.043992121,0.048333333,214
51.52,32.35,1,464,0.120814183,0.101666667,206.8
31.25,54.84,1,460,0.130006566,0.081666667,209.4
37.5,67.65,1,532,0.065659882,0.068333333,209.3
54.55,44.12,0,423,0.020354563,0.025,214.1
34.29,30.3,0,424,0.024294156,0.03,203.2
40.62,34.38,0,497,0.037426133,0.036666667,207.9
72.97,36.36,3,459,0.070256074,0.068333333,212.2
28.57,55.88,0,438,0.051214708,0.041666667,207.9
24.24,55.88,2,431,0.020354563,0.031666667,210
33.33,51.52,1,707,0.16086671,0.1,207.4
55.88,61.76,2,406,0.024294156,0.026666667,219.5
51.52,36.36,2,477,0.028890348,0.026666667,218.3
55.88,71.88,4,472,0.061720289,0.066666667,219.6
70.59,33.33,2,520,0.068942876,0.066666667,209.8
79.41,42.86,3,580,0.080105056,0.105,217.6
34.38,29.41,0,577,0.152987525,0.136666667,207.4
73.68,78.12,3,553,0.084044649,0.095,216.4
53.12,62.86,3,383,0.021011162,0.028333333,216
50,68.57,2,685,0.087327643,0.088333333,207.2
26.47,69.7,2,459,0.024950755,0.043333333,215.1
52.94,35.29,1,526,0.121470781,0.09,210
36.11,35.29,0,458,0.024294156,0.03,202.8
69.44,55.88,2,480,0.059750492,0.068333333,206.5
51.43,33.33,1,464,0.120814183,0.101666667,206.8
51.43,48.57,3,630,0.050558109,0.046666667,216.2
25.71,52.94,1,432,0.026263953,0.036666667,209
68.57,41.67,2,501,0.065003283,0.063333333,215
54.29,44.12,1,386,0.02232436,0.038333333,219.8
37.14,55.56,2,503,0.130663165,0.08,209.5
74.36,37.14,2,530,0.077478661,0.066666667,210.6
32.43,55.56,2,455,0.076822062,0.065,210.2
44.12,37.14,1,459,0.036769534,0.036666667,217.2
34.29,30.56,0,446,0.023637557,0.03,198.2
45.71,37.84,1,402,0.02232436,0.04,213.7
36.11,32.43,0,484,0.036112935,0.038333333,210
55.88,70.59,3,429,0.023637557,0.04,218.2
36.11,51.43,0,504,0.136572554,0.085,208.5
31.43,62.16,2,575,0.152987525,0.135,217.6
66.67,52.78,3,503,0.072882469,0.07,216.5
50,67.57,2,685,0.087327643,0.088333333,207.2
27.78,36.84,0,427,0.022980959,0.033333333,207.3
33.33,36.11,1,442,0.022980959,0.03,207.1
74.29,31.58,0,507,0.042678923,0.066666667,215.8
48.65,56.76,3,648,0.04990151,0.046666667,211.1
63.16,37.84,2,477,0.030203546,0.026666667,216.1
52.78,57.14,2,474,0.115561392,0.09,207.2
35.14,71.43,2,531,0.135259357,0.091666667,214.6
52.78,38.46,0,420,0.024950755,0.028333333,213.9
50,43.24,2,425,0.018384767,0.025,215.8
30.56,54.05,2,593,0.188443861,0.163333333,216
78.95,75,3,655,0.097176625,0.135,225.9
54.05,47.37,2,679,0.143138542,0.11,207.9
48.65,55.56,2,405,0.02232436,0.038333333,213.6
75.61,61.54,4,461,0.070912672,0.066666667,213.5
34.21,33.33,0,514,0.150361129,0.09,205.2
37.5,66.67,1,477,0.059750492,0.07,206.6
31.58,57.89,2,428,0.021667761,0.028333333,205.9
27.03,51.35,1,432,0.026263953,0.036666667,209
29.73,37.84,1,573,0.152330926,0.136666667,216.3
79.49,45.95,3,616,0.097833224,0.115,222.5
76.19,39.47,2,530,0.077478661,0.066666667,210.6
72.97,54.05,1,517,0.037426133,0.055,216.2
35.9,50,1,486,0.142481944,0.085,208.5
65.79,30.77,2,491,0.074852265,0.076666667,214.3
51.35,60,4,408,0.02232436,0.026666667,221.2
55.26,32.43,0,442,0.024294156,0.028333333,208.9
55.26,41.03,1,474,0.1109652,0.088333333,207.5
32.5,46.15,1,659,0.069599475,0.056666667,206.8
36.59,56.41,2,440,0.059750492,0.056666667,211.8
52.63,67.5,1,482,0.063033487,0.073333333,208.3
26.32,28.95,0,580,0.151674327,0.14,211.5
55.26,51.28,2,384,0.030860144,0.033333333,212.1
38.46,72.97,2,523,0.032829941,0.038333333,218.3
66.67,60.98,4,484,0.068942876,0.065,220.4
50,55.26,3,425,0.022980959,0.026666667,215.5
34.21,65.85,1,499,0.059093894,0.07,201.6
53.85,80,3,561,0.084701248,0.106666667,223.5
25.64,44.74,0,466,0.036112935,0.04,212.4
56.41,73.68,2,503,0.117531188,0.101666667,215.1
53.85,55,2,445,0.063033487,0.06,213.5
31.71,30,0,444,0.047275115,0.048333333,205.7
30.77,33.33,0,611,0.152987525,0.136666667,207
57.5,52.5,2,458,0.124753775,0.095,209
40,57.5,2,443,0.017728168,0.025,210.7
37.5,53.85,1,494,0.030860144,0.026666667,210.4
34.15,47.5,1,707,0.16086671,0.1,207.4
71.79,55,1,519,0.040709127,0.06,218
61.9,53.66,4,426,0.059093894,0.055,217.4
25,52.5,0,411,0.022980959,0.031666667,213.4
80.49,46.15,2,616,0.097833224,0.115,222.5
65,71.79,3,530,0.071569271,0.076666667,222.6
47.5,32.5,0,497,0.037426133,0.036666667,207.9
63.41,51.22,3,485,0.078791858,0.07,216.5
26.83,36.59,0,482,0.028890348,0.031666667,210
78.57,55,4,538,0.081418253,0.108333333,220
50,53.66,3,427,0.026263953,0.031666667,217.3
51.22,32.5,0,408,0.024294156,0.028333333,209.3
34.88,34.15,0,604,0.170715693,0.145,210.4
48.78,31.71,0,497,0.037426133,0.036666667,207.9
52.38,40,3,424,0.058437295,0.056666667,216.1
38.1,57.14,2,495,0.028233749,0.026666667,213.2
35.71,55,1,502,0.13328956,0.08,206.7
52.38,65.12,1,461,0.059750492,0.068333333,212.7
52.38,37.21,1,423,0.034143139,0.033333333,209.5
63.64,52.38,3,427,0.02757715,0.031666667,215.1
53.66,39.02,2,423,0.023637557,0.028333333,212
48.72,70.73,3,434,0.024294156,0.05,221.5
52.38,58.14,3,401,0.019041366,0.028333333,213.1
26.19,65.91,1,468,0.057780696,0.073333333,206.1
37.21,44.19,1,699,0.058437295,0.046666667,211.1
30.95,53.49,2,462,0.059093894,0.056666667,206.8
35.71,31.71,0,577,0.152987525,0.136666667,207.4
53.49,40.48,1,426,0.029546947,0.03,209.7
73.17,50,1,553,0.050558109,0.063333333,221.4
64.44,27.91,2,415,0.029546947,0.038333333,212.9
34.09,51.16,0,435,0.042022324,0.036666667,212.3
36.36,51.16,1,441,0.028233749,0.033333333,209.5
56.82,40.48,3,424,0.021011162,0.028333333,214.8
27.91,53.49,2,413,0.021011162,0.031666667,215.1
38.64,80,3,640,0.193040053,0.16,216.4
45.45,33.33,1,632,0.051871307,0.048333333,203.8
34.88,54.55,2,593,0.188443861,0.163333333,216
30.23,39.53,0,461,0.019697965,0.026666667,203
52.27,51.16,0,459,0.038082731,0.035,219
75.56,50,2,441,0.068942876,0.078333333,213.8
60.47,29.55,2,491,0.074852265,0.076666667,214.3
71.43,63.04,3,500,0.036769534,0.055,221.9
54.55,52.27,2,428,0.037426133,0.036666667,211.2
65.22,69.77,3,509,0.061720289,0.08,214.4
59.09,35.56,1,526,0.121470781,0.09,210
55.56,51.16,3,443,0.02232436,0.026666667,210.4
44.44,40.91,1,647,0.047931714,0.045,208.6
34.09,53.33,1,576,0.162836507,0.14,213.7
61.36,55.56,4,502,0.104399212,0.093333333,218.8
29.55,37.78,0,490,0.131319764,0.085,206.3
57.78,41.86,2,455,0.114248194,0.091666667,211.6
52.27,36.36,2,410,0.02232436,0.028333333,211
61.7,70.45,4,454,0.026263953,0.038333333,221.2
52.27,40,0,478,0.03348654,0.033333333,213.1
33.33,53.33,1,456,0.045305318,0.041666667,207.9
73.91,28.89,2,468,0.076822062,0.078333333,207.4
52.17,63.83,2,464,0.068942876,0.073333333,208.3
28.89,41.3,0,430,0.018384767,0.03,207.5
72.73,58.7,2,549,0.12803677,0.118333333,215.8
53.33,39.13,2,485,0.131319764,0.08,214.6
50,54.35,1,425,0.028233749,0.031666667,215.6
51.11,62.5,2,461,0.037426133,0.035,218.5
38.3,56.52,2,495,0.065659882,0.055,214.5
60,62.5,3,539,0.104399212,0.106666667,213.6
72.34,36.96,2,628,0.20026264,0.175,212.1
54.35,42.22,3,406,0.021667761,0.028333333,219.9
40.43,48.89,1,442,0.020354563,0.025,207.9
53.19,36.17,1,423,0.034143139,0.033333333,209.5
38.3,51.16,1,465,0.130663165,0.091666667,212.7
30.43,68.89,2,459,0.024950755,0.043333333,215.1
63.27,36.96,1,465,0.059093894,0.07,202
63.27,53.19,3,427,0.02757715,0.031666667,215.1
70.83,50,2,514,0.084701248,0.075,213
57.45,29.79,1,493,0.114904793,0.091666667,202.3
57.45,55.32,4,444,0.057124097,0.055,214.5
51.06,43.75,1,628,0.052527905,0.046666667,214.5
79.17,62,6,563,0.084044649,0.106666667,223
29.79,41.3,1,411,0.021667761,0.033333333,211.6
58.7,54.17,3,485,0.078791858,0.07,216.5
37.5,38.3,0,652,0.261982928,0.188333333,211
48.94,36.17,0,463,0.037426133,0.036666667,208.3
52.17,37.5,1,452,0.02757715,0.028333333,213.1
55.32,73.91,3,500,0.035456336,0.055,224.1
33.33,54.17,1,456,0.045305318,0.041666667,207.9
52.27,64,2,443,0.057124097,0.08,212.5
42.86,35.42,1,644,0.052527905,0.048333333,208.4
58.33,47.83,3,443,0.059750492,0.055,211.7
29.79,53.06,1,416,0.039395929,0.043333333,209
29.17,54.17,1,431,0.020354563,0.031666667,210
56.25,42.55,2,455,0.114248194,0.091666667,211.6
71.43,79.59,6,616,0.131319764,0.146666667,217.5
60.78,36.73,2,477,0.030203546,0.026666667,216.1
32.65,52.08,0,435,0.042022324,0.036666667,212.3
72.34,34.69,1,514,0.037426133,0.056666667,216.3
56.25,50,2,461,0.036112935,0.035,220.7
59.57,46.81,3,501,0.069599475,0.065,214.7
39.58,68.09,2,621,0.15561392,0.146666667,219.8
54,41.67,2,407,0.032829941,0.033333333,213.8
28.57,61.54,2,413,0.02232436,0.031666667,212.9
34,35.42,0,424,0.024294156,0.03,203.2
54.17,52.17,1,363,0.019041366,0.04,216.3
32,57.14,1,486,0.132632961,0.1,205.7
70,53.06,2,459,0.071569271,0.066666667,214
36,44,1,699,0.058437295,0.046666667,211.1
60.38,68.75,4,454,0.026263953,0.038333333,221.2
60.42,45.83,3,501,0.069599475,0.065,214.7
72.92,29.17,1,507,0.042678923,0.066666667,215.8
55.1,30.61,1,444,0.02232436,0.028333333,210.6
51.02,55.1,1,480,0.041365726,0.04,214.6
54.9,36.73,1,411,0.03348654,0.033333333,204.9
38.78,28.57,0,582,0.158896914,0.146666667,211.5
59.18,58,2,533,0.160210112,0.128333333,214.3
70.59,45.1,2,683,0.099146422,0.086666667,208.5
31.37,33.33,0,451,0.042022324,0.038333333,206.2
36,46.94,1,427,0.024294156,0.028333333,203.1
73.47,64.15,2,555,0.07222587,0.096666667,215.1
50.98,58.82,2,424,0.059750492,0.055,217.9
29.41,71.15,1,466,0.069599475,0.071666667,207.4
38,36.54,0,644,0.159553513,0.135,214.7
56.86,68,3,473,0.030203546,0.043333333,217.3
54,44.23,2,605,0.049244911,0.048333333,211
54,57.69,3,426,0.057780696,0.055,219.6
34.62,44,0,439,0.020354563,0.026666667,208
35.29,50,0,538,0.146421536,0.088333333,211.9
55.77,48,2,474,0.115561392,0.09,207.2
54.72,51.02,2,389,0.031516743,0.043333333,215.4
30,56.86,1,433,0.02757715,0.038333333,210
60,74,2,576,0.082074852,0.093333333,223.3
54.9,60,3,408,0.02232436,0.026666667,221.2
62.96,45.1,1,480,0.055154301,0.066666667,206.8
30.77,31.37,0,473,0.041365726,0.038333333,201.2
71.7,55.77,2,480,0.074852265,0.071666667,209.6
28.85,43.4,1,635,0.050558109,0.051666667,207.9
68.63,35.29,2,456,0.026263953,0.04,211
39.22,56.6,2,593,0.188443861,0.163333333,216
33.96,43.14,1,420,0.023637557,0.03,212.1
54.72,49.02,2,444,0.028233749,0.031666667,209.4
55.56,57.69,1,427,0.031516743,0.031666667,212.2
54.72,29.41,1,464,0.120814183,0.101666667,206.8
53.85,46.15,1,425,0.018384767,0.025,215.8
52.83,44.23,1,404,0.023637557,0.028333333,218.2
34.62,30.77,0,521,0.132632961,0.081666667,201.8
32.08,50.98,0,490,0.055154301,0.045,211.3
58.82,30.77,1,491,0.074852265,0.076666667,214.3
72.22,69.23,4,507,0.073539068,0.078333333,215.7
30.19,34.62,0,415,0.02232436,0.033333333,202.7
74.51,35.19,1,569,0.043335522,0.055,219
55.77,42.59,2,605,0.049244911,0.048333333,211
50,58.49,2,406,0.019697965,0.038333333,216.4
77.36,55.56,6,581,0.119500985,0.135,221.4
40.38,33.33,0,589,0.153644123,0.136666667,212
34.55,50,1,494,0.030860144,0.026666667,210.4
75,53.7,2,549,0.12803677,0.118333333,215.8
57.69,60.71,3,484,0.068942876,0.065,220.4
32.73,61.82,1,477,0.059750492,0.07,206.6
31.48,32.08,0,420,0.028233749,0.043333333,206.8
41.82,69.81,2,676,0.054497702,0.058333333,216.2
70.91,57.41,3,479,0.068942876,0.066666667,210.6
31.48,75.93,4,592,0.101772817,0.116666667,215.8
41.51,56.36,1,593,0.188443861,0.163333333,216
52.83,50.98,2,388,0.020354563,0.038333333,221.5
30.91,58.49,2,489,0.067629678,0.07,214.3
71.43,54.55,3,462,0.080761655,0.071666667,209.6
33.96,59.65,2,485,0.132632961,0.08,212.4
53.7,75.47,1,498,0.037426133,0.055,222.4
48.15,42.59,1,423,0.019041366,0.026666667,212.3
54.55,32.08,1,463,0.02757715,0.033333333,204.5
51.85,33.93,1,477,0.028890348,0.026666667,218.3
55.56,33.33,1,390,0.026920552,0.04,209.9
52.83,51.92,1,441,0.035456336,0.046666667,218.8
35.19,56.36,1,503,0.130663165,0.08,209.5
76.36,62.5,5,618,0.119500985,0.148333333,216.2
52.73,32.14,0,420,0.024950755,0.028333333,213.9
70.37,41.82,3,452,0.025607354,0.04,219.9
30.36,50,1,430,0.022980959,0.031666667,207.2
41.07,55.36,1,631,0.061720289,0.051666667,210.1
32.14,75.93,1,529,0.054497702,0.065,214.7
58.62,31.48,2,444,0.023637557,0.028333333,208.4
55.36,33.33,1,428,0.059093894,0.056666667,207.2
55.36,49.09,1,444,0.023637557,0.03,209.7
52.73,49.09,2,425,0.022980959,0.026666667,215.5
40.35,52.83,1,610,0.04990151,0.058333333,214.3
51.85,33.33,0,530,0.043992121,0.035,215.6
76.79,31.58,3,577,0.084701248,0.108333333,217.4
53.57,70.91,3,503,0.117531188,0.101666667,215.1
31.58,56.36,1,388,0.019697965,0.033333333,209.9
76.36,59.32,3,500,0.036769534,0.055,221.9
60,56.14,3,502,0.104399212,0.093333333,218.8
31.58,30.91,0,473,0.041365726,0.038333333,201.2
53.57,60.34,0,461,0.059750492,0.068333333,212.7
32.14,41.07,1,413,0.028890348,0.04,211.6
52.63,53.7,2,437,0.112934997,0.101666667,213.2
32.76,56.14,1,478,0.040052528,0.031666667,212.2
39.66,57.14,1,648,0.04990151,0.046666667,211.1
68.97,52.73,2,514,0.084701248,0.075,213
35.71,71.43,2,531,0.135259357,0.091666667,214.6
76.79,32.14,1,536,0.036769534,0.056666667,211.3
55.17,32.73,2,428,0.059093894,0.056666667,207.2
53.57,41.82,1,575,0.151674327,0.135,219.8
31.03,50.88,0,439,0.020354563,0.026666667,208
77.19,54.39,5,582,0.087984242,0.111666667,219.1
54.39,57.14,1,381,0.021667761,0.028333333,216.5
41.07,58.33,2,575,0.152987525,0.135,217.6
38.98,31.58,0,637,0.057780696,0.058333333,207.9
60.71,57.89,2,502,0.066973079,0.065,217.5
67.8,49.12,3,478,0.071569271,0.066666667,207.8
30.51,56.9,1,414,0.032173342,0.036666667,209
58.62,43.1,2,424,0.021011162,0.028333333,214.8
56.14,71.93,3,429,0.023637557,0.04,218.2
77.19,59.02,3,500,0.036769534,0.055,221.9
54.39,51.72,2,457,0.113591596,0.09,215.1
55.17,59.32,1,461,0.059750492,0.068333333,212.7
52.63,30.51,0,475,0.038082731,0.036666667,212.9
55.17,51.72,1,444,0.023637557,0.03,209.7
31.03,40.35,0,604,0.170715693,0.145,210.4
50.85,31.58,1,459,0.114904793,0.091666667,202.7
76.27,56.67,6,581,0.119500985,0.135,221.4
30.51,50.85,0,454,0.037426133,0.035,206.4
41.38,31.03,0,611,0.152987525,0.136666667,207
48.28,44.07,2,423,0.023637557,0.028333333,212
55.17,56.9,2,383,0.019697965,0.028333333,218.2
56.14,57.63,2,406,0.019697965,0.038333333,216.4
55.93,77.59,1,498,0.037426133,0.055,222.4
68.85,31.03,2,463,0.070912672,0.068333333,203.3
76.67,39.34,4,785,0.112278398,0.126666667,218
70.69,47.46,3,471,0.026920552,0.038333333,215.5
55.93,29.51,1,422,0.022980959,0.028333333,215.6
30.51,55.74,2,433,0.065003283,0.066666667,211.3
30,57.63,1,438,0.051214708,0.041666667,207.9
77.97,51.67,1,517,0.032829941,0.053333333,216.5
59.32,32.79,1,553,0.075508864,0.065,217.5
51.67,55.17,2,437,0.112934997,0.101666667,213.2
55.93,58.33,2,401,0.019041366,0.028333333,213.1
56.67,30,1,463,0.02757715,0.033333333,204.5
55,53.45,0,459,0.038082731,0.035,219
55,46.67,2,400,0.021667761,0.028333333,210.3
30,71.19,2,461,0.032173342,0.05,215.1
29.51,56.67,1,414,0.032173342,0.036666667,209
69.35,45.9,3,459,0.070256074,0.068333333,212.2
29.03,30.51,0,424,0.024294156,0.03,203.2
31.15,56.45,2,455,0.076822062,0.065,210.2
56.67,59.02,2,463,0.057780696,0.068333333,214.4
78.33,54.24,1,553,0.050558109,0.063333333,221.4
60,54.24,2,464,0.066973079,0.076666667,220.7
59.38,57.38,3,427,0.02757715,0.031666667,215.1
29.51,47.54,1,432,0.030203546,0.038333333,207.2
55,45.16,2,386,0.021011162,0.04,218
30.65,77.42,4,568,0.082731451,0.111666667,216.9
32.79,30.65,0,514,0.150361129,0.09,205.2
54.1,30,0,408,0.024294156,0.028333333,209.3
54.1,55.74,2,384,0.030860144,0.033333333,212.1
30.16,57.14,2,440,0.059750492,0.056666667,211.8
58.46,50.82,1,425,0.019697965,0.025,213.6
53.33,38.71,0,683,0.065659882,0.055,213.5
30.65,29.51,0,417,0.029546947,0.04,202.7
51.61,46.77,2,474,0.115561392,0.09,207.2
58.06,57.81,3,445,0.063033487,0.06,213.5
30.65,51.61,0,461,0.019697965,0.026666667,203
30.16,29.69,0,427,0.022980959,0.033333333,207.3
72.13,44.44,3,452,0.025607354,0.04,219.9
56.45,57.14,2,427,0.031516743,0.031666667,212.2
57.38,30.16,1,437,0.040052528,0.036666667,214
53.23,55.74,2,363,0.019041366,0.04,216.3
38.1,30.16,0,666,0.051871307,0.048333333,203.4
58.06,46.03,2,501,0.069599475,0.065,214.7
53.97,57.14,2,384,0.030860144,0.033333333,212.1
52.38,29.23,1,471,0.115561392,0.091666667,207.3
68.75,33.87,1,538,0.179908076,0.12,206.9
57.14,29.03,1,465,0.059093894,0.07,202
31.75,52.38,0,432,0.025607354,0.036666667,207.5
45.16,58.73,1,594,0.156927118,0.14,213.7
54.84,43.75,2,386,0.021011162,0.04,218
31.25,72.58,2,459,0.024950755,0.043333333,215.1
53.12,56.25,2,475,0.112934997,0.09,210
79.03,56.92,3,518,0.07222587,0.083333333,220.3
77.78,31.25,4,632,0.090610637,0.106666667,220.1
58.06,54.84,1,461,0.036112935,0.035,220.7
57.81,53.12,1,426,0.029546947,0.03,209.7
71.43,45.31,3,471,0.026920552,0.038333333,215.5
33.33,28.57,0,487,0.132632961,0.081666667,202.2
58.73,54.69,1,482,0.069599475,0.065,220.9
44.44,31.25,0,582,0.158896914,0.146666667,211.5
30.77,43.08,1,475,0.029546947,0.028333333,214.8
69.23,57.58,3,461,0.070912672,0.066666667,213.5
28.79,56.06,2,440,0.059750492,0.056666667,211.8
78.12,57.81,5,618,0.119500985,0.148333333,216.2
34.38,44.62,1,502,0.13328956,0.08,206.7
30.77,56.92,1,414,0.032173342,0.036666667,209
53.85,28.12,0,427,0.019697965,0.026666667,203.4
52.31,36.92,1,605,0.049244911,0.048333333,211
59.38,56.92,2,426,0.020354563,0.026666667,218.3
53.85,45.31,0,573,0.153644123,0.135,218.1
78.46,60,4,582,0.087984242,0.111666667,219.1
30.77,30.77,0,451,0.029546947,0.04,202.3
28.36,42.42,1,420,0.023637557,0.03,212.1
53.03,57.58,2,475,0.112934997,0.09,210
30.77,27.69,0,439,0.041365726,0.038333333,201.6
54.69,30.3,0,468,0.043335522,0.046666667,212.4
36.36,73.85,2,676,0.054497702,0.058333333,216.2
30.3,33.85,0,490,0.131319764,0.085,206.3
58.46,54.55,1,425,0.018384767,0.025,215.8
54.55,31.82,0,442,0.024294156,0.028333333,208.9
31.82,78.46,1,529,0.054497702,0.065,214.7
31.82,54.69,1,457,0.028233749,0.038333333,216.4
78.79,56.06,1,555,0.07222587,0.096666667,215.1
53.03,27.27,1,385,0.021011162,0.03,205.8
31.34,57.35,2,462,0.059093894,0.056666667,206.8
53.73,60.61,2,476,0.118844386,0.095,209
58.21,55.38,2,389,0.031516743,0.043333333,215.4
57.35,56.72,2,426,0.021667761,0.026666667,216.1
29.85,57.97,2,431,0.057780696,0.06,211.3
31.34,74.24,2,523,0.032829941,0.038333333,218.3
31.34,35.82,0,659,0.069599475,0.056666667,206.8
34.85,55.38,0,538,0.146421536,0.088333333,211.9
57.58,43.28,2,406,0.021667761,0.028333333,219.9
55.22,45.45,1,442,0.020354563,0.025,207.9
53.73,29.41,1,390,0.026920552,0.04,209.9
68.66,55.88,3,479,0.068942876,0.066666667,210.6
52.94,30.88,1,493,0.114904793,0.091666667,202.3
76.12,46.27,1,730,0.213394616,0.215,221.6
58.82,74.63,3,455,0.036112935,0.043333333,217.3
29.41,42.65,1,411,0.021667761,0.033333333,211.6
35.29,54.55,1,610,0.04990151,0.058333333,214.3
79.1,56.06,1,553,0.050558109,0.063333333,221.4
34.33,26.87,0,487,0.132632961,0.081666667,202.2
58.21,55.88,2,463,0.057780696,0.068333333,214.4
54.41,44.78,1,423,0.024950755,0.026666667,213.8
27.54,55.88,0,439,0.020354563,0.026666667,208
58.21,61.19,2,503,0.072882469,0.07,216.5
67.65,30.43,1,468,0.076822062,0.078333333,207.4
30.88,55.22,1,457,0.028233749,0.038333333,216.4
32.35,75,1,483,0.043992121,0.048333333,214
55.22,58.57,2,479,0.072882469,0.063333333,216.9
76.47,31.88,1,599,0.084044649,0.108333333,212.4
45.59,52.17,1,624,0.24425476,0.198333333,211.5
57.97,56.52,2,427,0.031516743,0.031666667,212.2
57.35,79.41,2,500,0.035456336,0.055,224.1
31.88,30.43,0,506,0.047931714,0.036666667,208.9
55.07,26.47,0,408,0.024294156,0.028333333,209.3
28.99,52.94,1,388,0.019697965,0.033333333,209.9
57.97,56.52,2,463,0.059093894,0.068333333,212.2
32.86,56.52,0,461,0.019697965,0.026666667,203
75.36,27.14,1,577,0.084701248,0.108333333,217.4
59.15,75.36,4,472,0.061720289,0.066666667,219.6
68.12,56.52,2,461,0.069599475,0.066666667,215.7
79.71,57.14,2,500,0.036769534,0.055,221.9
57.97,53.62,3,459,0.066316481,0.066666667,217.4
44.93,57.14,1,576,0.162836507,0.14,213.7
55.88,42.86,2,386,0.021011162,0.04,218
54.29,52.86,1,455,0.115561392,0.09,213.4
34.78,35.71,0,707,0.16086671,0.1,207.4
75.71,57.14,2,618,0.119500985,0.148333333,216.2
32.39,43.48,1,461,0.024294156,0.028333333,202.7
67.14,59.72,3,479,0.106369009,0.095,211.9
53.62,56.34,1,461,0.037426133,0.035,218.5
28.57,57.14,0,430,0.018384767,0.03,207.5
26.76,44.29,1,439,0.024950755,0.028333333,207.7
80,62.86,2,519,0.040709127,0.06,218
57.75,57.75,2,409,0.032173342,0.031666667,217.3
58.57,74.65,4,530,0.071569271,0.076666667,222.6
56.52,27.14,1,390,0.021667761,0.04,209.1
32.39,42.25,1,475,0.029546947,0.028333333,214.8
53.52,36.62,1,679,0.143138542,0.11,207.9
34.29,53.52,0,483,0.13328956,0.08,212.9
52.86,52.86,1,436,0.034799737,0.036666667,215.5
57.75,57.14,2,481,0.057124097,0.068333333,209.3
26.76,43.06,1,408,0.022980959,0.03,207.5
29.58,57.14,1,395,0.02757715,0.05,213.2
80.28,45.07,2,517,0.037426133,0.055,216.2
58.33,44.29,1,575,0.151674327,0.135,219.8
30.99,56.34,0,454,0.037426133,0.035,206.4
29.58,31.94,0,449,0.02232436,0.033333333,202.3
54.17,56.34,1,424,0.02232436,0.026666667,216.6
59.15,26.39,2,498,0.069599475,0.066666667,214.8
56.94,36.11,1,630,0.051871307,0.046666667,214
31.94,73.61,2,523,0.032829941,0.038333333,218.3
54.17,58.9,3,475,0.150361129,0.118333333,211.3
58.33,56.94,1,480,0.055154301,0.066666667,206.8
67.61,61.97,2,480,0.074852265,0.071666667,209.6
29.17,74.65,1,568,0.082731451,0.111666667,216.9
29.17,26.03,0,429,0.030203546,0.04,207.3
58.9,80.56,2,500,0.035456336,0.055,224.1
30.56,43.84,1,435,0.040709127,0.038333333,210.5
52.78,58.9,2,438,0.056467498,0.07,209.2
53.42,57.53,2,458,0.124753775,0.095,209
52.78,73.97,2,507,0.040052528,0.046666667,220.7
68.06,32.88,1,497,0.070912672,0.068333333,202.9
28.77,80.82,1,505,0.035456336,0.06,215.8
75,56.16,0,580,0.080105056,0.105,217.6
36.49,44.59,1,628,0.051214708,0.048333333,212.7
54.79,58.33,1,386,0.02232436,0.038333333,219.8
56.76,26.03,1,410,0.023637557,0.028333333,208.8
68.49,25.68,1,475,0.071569271,0.068333333,207.9
58.11,54.79,2,481,0.057124097,0.068333333,209.3
54.05,72.97,2,452,0.026920552,0.038333333,221.7
60.27,52.7,3,533,0.160210112,0.128333333,214.3
32.88,81.08,0,577,0.145764938,0.108333333,215.3
58.11,61.64,2,427,0.026263953,0.031666667,217.3
30.14,32.43,0,473,0.041365726,0.038333333,201.2
73.97,58.11,1,564,0.093893631,0.111666667,219.1
53.42,53.42,1,436,0.034799737,0.036666667,215.5
59.46,45.33,2,482,0.068286277,0.066666667,219.1
36,58.9,1,610,0.04990151,0.058333333,214.3
62.16,27.03,0,429,0.02757715,0.033333333,204.9
28.38,56,1,413,0.02232436,0.031666667,212.9
68.92,56.76,1,478,0.066973079,0.065,208.1
54.05,25.33,0,475,0.038082731,0.036666667,212.9
55.41,45.95,3,443,0.02232436,0.026666667,210.4
57.33,58.67,3,481,0.09455023,0.096666667,210.6
32,29.73,0,492,0.138542351,0.091666667,206.3
28,59.46,0,393,0.020354563,0.043333333,213.2
53.33,57.89,2,424,0.059750492,0.055,217.9
30.67,56.58,1,437,0.041365726,0.036666667,211.8
54.67,44.74,3,424,0.021011162,0.028333333,214.8
35.53,46.67,1,647,0.052527905,0.046666667,208.3
69.33,73.33,3,507,0.073539068,0.078333333,215.7
53.95,32,1,526,0.121470781,0.09,210
72,31.58,3,599,0.084044649,0.108333333,212.4
60,44.16,1,386,0.021011162,0.04,218
81.58,57.89,2,555,0.07222587,0.096666667,215.1
53.95,59.21,1,462,0.047275115,0.04,214.6
32.89,47.37,1,494,0.030860144,0.026666667,210.4
60.53,30.26,2,513,0.086671044,0.075,213.2
56.58,57.14,3,426,0.057780696,0.055,219.6
57.14,56.58,1,425,0.019697965,0.025,213.6
53.95,53.95,1,381,0.021667761,0.028333333,216.5
72.37,24.68,3,577,0.084701248,0.108333333,217.4
61.84,27.63,1,429,0.02757715,0.033333333,204.9
61.04,72.37,4,530,0.071569271,0.076666667,222.6
32.47,60.53,0,457,0.028233749,0.038333333,216.4
28.57,53.25,1,462,0.113591596,0.095,206.8
35.06,28.95,0,637,0.057780696,0.058333333,207.9
33.77,43.59,1,483,0.131976362,0.081666667,211.1
80.52,54.55,3,518,0.034799737,0.055,219
72.73,57.69,5,581,0.119500985,0.135,221.4
54.55,59.74,1,407,0.034143139,0.031666667,215.6
43.42,57.14,0,592,0.149047932,0.133333333,212.2
24.36,32.05,0,458,0.024294156,0.03,202.8
53.25,58.44,1,516,0.072882469,0.076666667,211.7
61.04,48.05,1,405,0.02232436,0.038333333,213.6
30.77,29.87,0,444,0.047275115,0.048333333,205.7
28.21,53.85,0,462,0.113591596,0.095,206.8
55.84,27.27,1,410,0.02232436,0.028333333,211
42.86,57.69,1,630,0.188443861,0.176666667,210.8
73.08,58.97,4,564,0.093893631,0.111666667,219.1
61.54,53.85,4,502,0.066973079,0.065,217.5
80.77,61.54,1,519,0.040709127,0.06,218
53.85,57.69,0,478,0.03348654,0.033333333,213.1
55.13,56.41,2,406,0.024294156,0.026666667,219.5
30.38,47.44,1,454,0.042022324,0.036666667,206.1
30.77,43.04,1,413,0.028890348,0.04,211.6
62.03,61.54,2,464,0.066973079,0.076666667,220.7
27.85,53.16,1,431,0.020354563,0.031666667,210
67.95,34.62,0,538,0.179908076,0.12,206.9
59.49,71.79,3,455,0.036112935,0.043333333,217.3
31.65,26.92,0,446,0.023637557,0.03,198.2
56.41,25.32,1,422,0.022980959,0.028333333,215.6
43.59,55.7,2,575,0.152987525,0.135,217.6
53.16,35.44,0,605,0.049244911,0.048333333,211
34.18,32.91,0,554,0.139198949,0.08,209.5
81.01,56.96,3,518,0.07222587,0.083333333,220.3
56.96,72.15,4,563,0.082731451,0.106666667,225.2
60.76,56.96,2,482,0.063033487,0.073333333,208.3
58.75,43.75,2,407,0.032829941,0.033333333,213.8
30,62.03,0,417,0.039395929,0.048333333,212.1
26.58,48.1,1,427,0.024294156,0.028333333,203.1
30.38,72.15,2,461,0.032173342,0.05,215.1
43.04,58.23,0,592,0.149047932,0.133333333,212.2
28.75,68.35,1,466,0.069599475,0.071666667,207.4
71.25,25,3,577,0.084701248,0.108333333,217.4
72.5,47.5,2,471,0.026920552,0.038333333,215.5
61.25,35,2,706,0.097176625,0.085,215.4
53.75,30,0,390,0.026920552,0.04,209.9
56.25,27.5,2,410,0.023637557,0.028333333,208.8
32.5,57.5,1,499,0.059093894,0.07,201.6
56.25,60,1,425,0.028233749,0.031666667,215.6
57.5,52.5,1,461,0.036112935,0.035,220.7
29.63,62.5,0,393,0.020354563,0.043333333,213.2
67.5,52.5,3,479,0.068942876,0.066666667,210.6
29.63,24.69,0,451,0.042022324,0.038333333,206.2
71.6,58.75,3,580,0.080105056,0.105,217.6
80,42.5,1,667,0.166119501,0.163333333,220.5
66.67,34.57,0,530,0.077478661,0.066666667,210.6
61.73,34.57,1,706,0.097176625,0.085,215.4
53.09,72.84,2,503,0.117531188,0.101666667,215.1
54.32,62.96,1,363,0.019041366,0.04,216.3
56.79,56.79,2,406,0.024294156,0.026666667,219.5
58.02,58.02,2,463,0.057780696,0.068333333,214.4
58.02,27.16,2,428,0.059093894,0.056666667,207.2
51.85,41.98,0,628,0.1667761,0.143333333,217.1